date,participant,trial,isStationary,t,trackedObject,axis,position,clickstate,targState,
2022-06-30,MDcalibtest,0,1,0,target,x,-1,0,0
2022-06-30,MDcalibtest,0,1,0,target,y,1.859862,0,0
2022-06-30,MDcalibtest,0,1,0,target,z,0,0,0
2022-06-30,MDcalibtest,0,1,0,head,x,-0.3347372,0,0
2022-06-30,MDcalibtest,0,1,0,head,y,1.896545,0,0
2022-06-30,MDcalibtest,0,1,0,head,z,-0.03155436,0,0
2022-06-30,MDcalibtest,0,1,0,gazeOrigin,x,0.001105752,0,0
2022-06-30,MDcalibtest,0,1,0,gazeOrigin,y,-0.0009599598,0,0
2022-06-30,MDcalibtest,0,1,0,gazeOrigin,z,0.0009250891,0,0
2022-06-30,MDcalibtest,0,1,0,gazeDirection,x,1.105752,0,0
2022-06-30,MDcalibtest,0,1,0,gazeDirection,y,-0.9599597,0,0
2022-06-30,MDcalibtest,0,1,0,gazeDirection,z,0.925089,0,0
2022-06-30,MDcalibtest,0,1,0.0138855,target,x,-1,0,0
2022-06-30,MDcalibtest,0,1,0.0138855,target,y,1.859862,0,0
2022-06-30,MDcalibtest,0,1,0.0138855,target,z,0,0,0
2022-06-30,MDcalibtest,0,1,0.0138855,head,x,-3.237351,0,0
2022-06-30,MDcalibtest,0,1,0.0138855,head,y,0.8142304,0,0
2022-06-30,MDcalibtest,0,1,0.0138855,head,z,2.842822,0,0
2022-06-30,MDcalibtest,0,1,0.0138855,gazeOrigin,x,-0.0007804594,0,0
2022-06-30,MDcalibtest,0,1,0.0138855,gazeOrigin,y,-0.001034922,0,0
2022-06-30,MDcalibtest,0,1,0.0138855,gazeOrigin,z,-0.001148834,0,0
2022-06-30,MDcalibtest,0,1,0.0138855,gazeDirection,x,-0.7804594,0,0
2022-06-30,MDcalibtest,0,1,0.0138855,gazeDirection,y,-1.034922,0,0
2022-06-30,MDcalibtest,0,1,0.0138855,gazeDirection,z,-1.148834,0,0
2022-06-30,MDcalibtest,0,1,0.3472188,target,x,-1,0,1
2022-06-30,MDcalibtest,0,1,0.3472188,target,y,1.859862,0,1
2022-06-30,MDcalibtest,0,1,0.3472188,target,z,0,0,1
2022-06-30,MDcalibtest,0,1,0.3472188,head,x,-3.195657,0,1
2022-06-30,MDcalibtest,0,1,0.3472188,head,y,0.9545105,0,1
2022-06-30,MDcalibtest,0,1,0.3472188,head,z,2.900321,0,1
2022-06-30,MDcalibtest,0,1,0.3472188,gazeOrigin,x,-0.0008023762,0,1
2022-06-30,MDcalibtest,0,1,0.3472188,gazeOrigin,y,-0.001048604,0,1
2022-06-30,MDcalibtest,0,1,0.3472188,gazeOrigin,z,-0.001120992,0,1
2022-06-30,MDcalibtest,0,1,0.3472188,gazeDirection,x,-0.8023762,0,1
2022-06-30,MDcalibtest,0,1,0.3472188,gazeDirection,y,-1.048604,0,1
2022-06-30,MDcalibtest,0,1,0.3472188,gazeDirection,z,-1.120992,0,1
2022-06-30,MDcalibtest,0,1,0.6805522,target,x,-1,0,0
2022-06-30,MDcalibtest,0,1,0.6805522,target,y,1.861644,0,0
2022-06-30,MDcalibtest,0,1,0.6805522,target,z,0.002523136,0,0
2022-06-30,MDcalibtest,0,1,0.6805522,head,x,-3.195743,0,0
2022-06-30,MDcalibtest,0,1,0.6805522,head,y,0.9544274,0,0
2022-06-30,MDcalibtest,0,1,0.6805522,head,z,2.900454,0,0
2022-06-30,MDcalibtest,0,1,0.6805522,gazeOrigin,x,-0.0008025545,0,0
2022-06-30,MDcalibtest,0,1,0.6805522,gazeOrigin,y,-0.001048825,0,0
2022-06-30,MDcalibtest,0,1,0.6805522,gazeOrigin,z,-0.001120657,0,0
2022-06-30,MDcalibtest,0,1,0.6805522,gazeDirection,x,-0.8025545,0,0
2022-06-30,MDcalibtest,0,1,0.6805522,gazeDirection,y,-1.048825,0,0
2022-06-30,MDcalibtest,0,1,0.6805522,gazeDirection,z,-1.120657,0,0
2022-06-30,MDcalibtest,0,1,0.7279621,target,x,-1,0,0
2022-06-30,MDcalibtest,0,1,0.7279621,target,y,1.868909,0,0
2022-06-30,MDcalibtest,0,1,0.7279621,target,z,0.01281104,0,0
2022-06-30,MDcalibtest,0,1,0.7279621,head,x,-3.19563,0,0
2022-06-30,MDcalibtest,0,1,0.7279621,head,y,0.9545894,0,0
2022-06-30,MDcalibtest,0,1,0.7279621,head,z,2.900148,0,0
2022-06-30,MDcalibtest,0,1,0.7279621,gazeOrigin,x,-0.0008023819,0,0
2022-06-30,MDcalibtest,0,1,0.7279621,gazeOrigin,y,-0.001048817,0,0
2022-06-30,MDcalibtest,0,1,0.7279621,gazeOrigin,z,-0.001120789,0,0
2022-06-30,MDcalibtest,0,1,0.7279621,gazeDirection,x,-0.8023819,0,0
2022-06-30,MDcalibtest,0,1,0.7279621,gazeDirection,y,-1.048817,0,0
2022-06-30,MDcalibtest,0,1,0.7279621,gazeDirection,z,-1.120788,0,0
2022-06-30,MDcalibtest,0,1,0.9212718,target,x,-1,0,0
2022-06-30,MDcalibtest,0,1,0.9212718,target,y,1.868909,0,0
2022-06-30,MDcalibtest,0,1,0.9212718,target,z,0.01281104,0,0
2022-06-30,MDcalibtest,0,1,0.9212718,head,x,-3.195426,0,0
2022-06-30,MDcalibtest,0,1,0.9212718,head,y,0.954662,0,0
2022-06-30,MDcalibtest,0,1,0.9212718,head,z,2.900104,0,0
2022-06-30,MDcalibtest,0,1,0.9212718,gazeOrigin,x,-0.0008021729,0,0
2022-06-30,MDcalibtest,0,1,0.9212718,gazeOrigin,y,-0.001048759,0,0
2022-06-30,MDcalibtest,0,1,0.9212718,gazeOrigin,z,-0.001120992,0,0
2022-06-30,MDcalibtest,0,1,0.9212718,gazeDirection,x,-0.8021729,0,0
2022-06-30,MDcalibtest,0,1,0.9212718,gazeDirection,y,-1.048759,0,0
2022-06-30,MDcalibtest,0,1,0.9212718,gazeDirection,z,-1.120992,0,0
2022-06-30,MDcalibtest,0,1,1.197619,target,x,-1,0,0
2022-06-30,MDcalibtest,0,1,1.197619,target,y,1.868834,0,0
2022-06-30,MDcalibtest,0,1,1.197619,target,z,0.0136837,0,0
2022-06-30,MDcalibtest,0,1,1.197619,head,x,-3.195255,0,0
2022-06-30,MDcalibtest,0,1,1.197619,head,y,0.9544748,0,0
2022-06-30,MDcalibtest,0,1,1.197619,head,z,2.90026,0,0
2022-06-30,MDcalibtest,0,1,1.197619,gazeOrigin,x,-0.0008013133,0,0
2022-06-30,MDcalibtest,0,1,1.197619,gazeOrigin,y,-0.001048861,0,0
2022-06-30,MDcalibtest,0,1,1.197619,gazeOrigin,z,-0.001121511,0,0
2022-06-30,MDcalibtest,0,1,1.197619,gazeDirection,x,-0.8013133,0,0
2022-06-30,MDcalibtest,0,1,1.197619,gazeDirection,y,-1.048861,0,0
2022-06-30,MDcalibtest,0,1,1.197619,gazeDirection,z,-1.121511,0,0
2022-06-30,MDcalibtest,0,1,1.221959,target,x,-1,0,0
2022-06-30,MDcalibtest,0,1,1.221959,target,y,1.868798,0,0
2022-06-30,MDcalibtest,0,1,1.221959,target,z,0.01410298,0,0
2022-06-30,MDcalibtest,0,1,1.221959,head,x,-3.195329,0,0
2022-06-30,MDcalibtest,0,1,1.221959,head,y,0.9544696,0,0
2022-06-30,MDcalibtest,0,1,1.221959,head,z,2.900255,0,0
2022-06-30,MDcalibtest,0,1,1.221959,gazeOrigin,x,-0.000801306,0,0
2022-06-30,MDcalibtest,0,1,1.221959,gazeOrigin,y,-0.001048923,0,0
2022-06-30,MDcalibtest,0,1,1.221959,gazeOrigin,z,-0.001121459,0,0
2022-06-30,MDcalibtest,0,1,1.221959,gazeDirection,x,-0.801306,0,0
2022-06-30,MDcalibtest,0,1,1.221959,gazeDirection,y,-1.048923,0,0
2022-06-30,MDcalibtest,0,1,1.221959,gazeDirection,z,-1.121459,0,0
2022-06-30,MDcalibtest,0,1,1.233655,target,x,-1,0,0
2022-06-30,MDcalibtest,0,1,1.233655,target,y,1.868767,0,0
2022-06-30,MDcalibtest,0,1,1.233655,target,z,0.01445489,0,0
2022-06-30,MDcalibtest,0,1,1.233655,head,x,-3.195307,0,0
2022-06-30,MDcalibtest,0,1,1.233655,head,y,0.9544698,0,0
2022-06-30,MDcalibtest,0,1,1.233655,head,z,2.900305,0,0
2022-06-30,MDcalibtest,0,1,1.233655,gazeOrigin,x,-0.0008016243,0,0
2022-06-30,MDcalibtest,0,1,1.233655,gazeOrigin,y,-0.001048628,0,0
2022-06-30,MDcalibtest,0,1,1.233655,gazeOrigin,z,-0.001121507,0,0
2022-06-30,MDcalibtest,0,1,1.233655,gazeDirection,x,-0.8016243,0,0
2022-06-30,MDcalibtest,0,1,1.233655,gazeDirection,y,-1.048628,0,0
2022-06-30,MDcalibtest,0,1,1.233655,gazeDirection,z,-1.121507,0,0
2022-06-30,MDcalibtest,0,1,1.243471,target,x,-1,0,0
2022-06-30,MDcalibtest,0,1,1.243471,target,y,1.868736,0,0
2022-06-30,MDcalibtest,0,1,1.243471,target,z,0.01481667,0,0
2022-06-30,MDcalibtest,0,1,1.243471,head,x,-3.195123,0,0
2022-06-30,MDcalibtest,0,1,1.243471,head,y,0.9544107,0,0
2022-06-30,MDcalibtest,0,1,1.243471,head,z,2.900437,0,0
2022-06-30,MDcalibtest,0,1,1.243471,gazeOrigin,x,-0.0008012375,0,0
2022-06-30,MDcalibtest,0,1,1.243471,gazeOrigin,y,-0.001048872,0,0
2022-06-30,MDcalibtest,0,1,1.243471,gazeOrigin,z,-0.001121555,0,0
2022-06-30,MDcalibtest,0,1,1.243471,gazeDirection,x,-0.8012375,0,0
2022-06-30,MDcalibtest,0,1,1.243471,gazeDirection,y,-1.048872,0,0
2022-06-30,MDcalibtest,0,1,1.243471,gazeDirection,z,-1.121555,0,0
2022-06-30,MDcalibtest,0,1,1.253561,target,x,-1,0,0
2022-06-30,MDcalibtest,0,1,1.253561,target,y,1.868707,0,0
2022-06-30,MDcalibtest,0,1,1.253561,target,z,0.01515408,0,0
2022-06-30,MDcalibtest,0,1,1.253561,head,x,-3.195208,0,0
2022-06-30,MDcalibtest,0,1,1.253561,head,y,0.9544196,0,0
2022-06-30,MDcalibtest,0,1,1.253561,head,z,2.900411,0,0
2022-06-30,MDcalibtest,0,1,1.253561,gazeOrigin,x,-0.0008011585,0,0
2022-06-30,MDcalibtest,0,1,1.253561,gazeOrigin,y,-0.001048762,0,0
2022-06-30,MDcalibtest,0,1,1.253561,gazeOrigin,z,-0.001121715,0,0
2022-06-30,MDcalibtest,0,1,1.253561,gazeDirection,x,-0.8011585,0,0
2022-06-30,MDcalibtest,0,1,1.253561,gazeDirection,y,-1.048762,0,0
2022-06-30,MDcalibtest,0,1,1.253561,gazeDirection,z,-1.121715,0,0
2022-06-30,MDcalibtest,0,1,1.262973,target,x,-1,0,0
2022-06-30,MDcalibtest,0,1,1.262973,target,y,1.868678,0,0
2022-06-30,MDcalibtest,0,1,1.262973,target,z,0.01549215,0,0
2022-06-30,MDcalibtest,0,1,1.262973,head,x,-3.195194,0,0
2022-06-30,MDcalibtest,0,1,1.262973,head,y,0.9544145,0,0
2022-06-30,MDcalibtest,0,1,1.262973,head,z,2.900418,0,0
2022-06-30,MDcalibtest,0,1,1.262973,gazeOrigin,x,-0.0008010772,0,0
2022-06-30,MDcalibtest,0,1,1.262973,gazeOrigin,y,-0.001048839,0,0
2022-06-30,MDcalibtest,0,1,1.262973,gazeOrigin,z,-0.0011217,0,0
2022-06-30,MDcalibtest,0,1,1.262973,gazeDirection,x,-0.8010771,0,0
2022-06-30,MDcalibtest,0,1,1.262973,gazeDirection,y,-1.048839,0,0
2022-06-30,MDcalibtest,0,1,1.262973,gazeDirection,z,-1.1217,0,0
2022-06-30,MDcalibtest,0,1,1.272402,target,x,-1,0,0
2022-06-30,MDcalibtest,0,1,1.272402,target,y,1.868646,0,0
2022-06-30,MDcalibtest,0,1,1.272402,target,z,0.01585898,0,0
2022-06-30,MDcalibtest,0,1,1.272402,head,x,-3.19532,0,0
2022-06-30,MDcalibtest,0,1,1.272402,head,y,0.9542772,0,0
2022-06-30,MDcalibtest,0,1,1.272402,head,z,2.900765,0,0
2022-06-30,MDcalibtest,0,1,1.272402,gazeOrigin,x,-0.0008014533,0,0
2022-06-30,MDcalibtest,0,1,1.272402,gazeOrigin,y,-0.001048654,0,0
2022-06-30,MDcalibtest,0,1,1.272402,gazeOrigin,z,-0.001121605,0,0
2022-06-30,MDcalibtest,0,1,1.272402,gazeDirection,x,-0.8014532,0,0
2022-06-30,MDcalibtest,0,1,1.272402,gazeDirection,y,-1.048654,0,0
2022-06-30,MDcalibtest,0,1,1.272402,gazeDirection,z,-1.121605,0,0
2022-06-30,MDcalibtest,0,1,1.282634,target,x,-1,0,0
2022-06-30,MDcalibtest,0,1,1.282634,target,y,1.868613,0,0
2022-06-30,MDcalibtest,0,1,1.282634,target,z,0.01624446,0,0
2022-06-30,MDcalibtest,0,1,1.282634,head,x,-3.195314,0,0
2022-06-30,MDcalibtest,0,1,1.282634,head,y,0.9542495,0,0
2022-06-30,MDcalibtest,0,1,1.282634,head,z,2.900787,0,0
2022-06-30,MDcalibtest,0,1,1.282634,gazeOrigin,x,-0.0008010538,0,0
2022-06-30,MDcalibtest,0,1,1.282634,gazeOrigin,y,-0.001048702,0,0
2022-06-30,MDcalibtest,0,1,1.282634,gazeOrigin,z,-0.001121845,0,0
2022-06-30,MDcalibtest,0,1,1.282634,gazeDirection,x,-0.8010538,0,0
2022-06-30,MDcalibtest,0,1,1.282634,gazeDirection,y,-1.048702,0,0
2022-06-30,MDcalibtest,0,1,1.282634,gazeDirection,z,-1.121845,0,0
2022-06-30,MDcalibtest,0,1,1.293387,target,x,-1,0,0
2022-06-30,MDcalibtest,0,1,1.293387,target,y,1.86858,0,0
2022-06-30,MDcalibtest,0,1,1.293387,target,z,0.01662621,0,0
2022-06-30,MDcalibtest,0,1,1.293387,head,x,-3.195404,0,0
2022-06-30,MDcalibtest,0,1,1.293387,head,y,0.9541832,0,0
2022-06-30,MDcalibtest,0,1,1.293387,head,z,2.900931,0,0
2022-06-30,MDcalibtest,0,1,1.293387,gazeOrigin,x,-0.0008013483,0,0
2022-06-30,MDcalibtest,0,1,1.293387,gazeOrigin,y,-0.001048765,0,0
2022-06-30,MDcalibtest,0,1,1.293387,gazeOrigin,z,-0.001121576,0,0
2022-06-30,MDcalibtest,0,1,1.293387,gazeDirection,x,-0.8013482,0,0
2022-06-30,MDcalibtest,0,1,1.293387,gazeDirection,y,-1.048765,0,0
2022-06-30,MDcalibtest,0,1,1.293387,gazeDirection,z,-1.121576,0,0
2022-06-30,MDcalibtest,0,1,1.304035,target,x,-1,0,0
2022-06-30,MDcalibtest,0,1,1.304035,target,y,1.868547,0,0
2022-06-30,MDcalibtest,0,1,1.304035,target,z,0.01700993,0,0
2022-06-30,MDcalibtest,0,1,1.304035,head,x,-3.195513,0,0
2022-06-30,MDcalibtest,0,1,1.304035,head,y,0.9541976,0,0
2022-06-30,MDcalibtest,0,1,1.304035,head,z,2.900831,0,0
2022-06-30,MDcalibtest,0,1,1.304035,gazeOrigin,x,-0.0008012129,0,0
2022-06-30,MDcalibtest,0,1,1.304035,gazeOrigin,y,-0.001048836,0,0
2022-06-30,MDcalibtest,0,1,1.304035,gazeOrigin,z,-0.001121607,0,0
2022-06-30,MDcalibtest,0,1,1.304035,gazeDirection,x,-0.8012128,0,0
2022-06-30,MDcalibtest,0,1,1.304035,gazeDirection,y,-1.048836,0,0
2022-06-30,MDcalibtest,0,1,1.304035,gazeDirection,z,-1.121607,0,0
2022-06-30,MDcalibtest,0,1,1.314737,target,x,-1,0,0
2022-06-30,MDcalibtest,0,1,1.314737,target,y,1.86851,0,0
2022-06-30,MDcalibtest,0,1,1.314737,target,z,0.01743636,0,0
2022-06-30,MDcalibtest,0,1,1.314737,head,x,-3.195554,0,0
2022-06-30,MDcalibtest,0,1,1.314737,head,y,0.9541967,0,0
2022-06-30,MDcalibtest,0,1,1.314737,head,z,2.900907,0,0
2022-06-30,MDcalibtest,0,1,1.314737,gazeOrigin,x,-0.0008010617,0,0
2022-06-30,MDcalibtest,0,1,1.314737,gazeOrigin,y,-0.001048802,0,0
2022-06-30,MDcalibtest,0,1,1.314737,gazeOrigin,z,-0.001121746,0,0
2022-06-30,MDcalibtest,0,1,1.314737,gazeDirection,x,-0.8010616,0,0
2022-06-30,MDcalibtest,0,1,1.314737,gazeDirection,y,-1.048802,0,0
2022-06-30,MDcalibtest,0,1,1.314737,gazeDirection,z,-1.121746,0,0
2022-06-30,MDcalibtest,0,1,1.326632,target,x,-1,0,0
2022-06-30,MDcalibtest,0,1,1.326632,target,y,1.868474,0,0
2022-06-30,MDcalibtest,0,1,1.326632,target,z,0.0178524,0,0
2022-06-30,MDcalibtest,0,1,1.326632,head,x,-3.195401,0,0
2022-06-30,MDcalibtest,0,1,1.326632,head,y,0.9543185,0,0
2022-06-30,MDcalibtest,0,1,1.326632,head,z,2.900774,0,0
2022-06-30,MDcalibtest,0,1,1.326632,gazeOrigin,x,-0.0008013427,0,0
2022-06-30,MDcalibtest,0,1,1.326632,gazeOrigin,y,-0.001048816,0,0
2022-06-30,MDcalibtest,0,1,1.326632,gazeOrigin,z,-0.001121533,0,0
2022-06-30,MDcalibtest,0,1,1.326632,gazeDirection,x,-0.8013426,0,0
2022-06-30,MDcalibtest,0,1,1.326632,gazeDirection,y,-1.048816,0,0
2022-06-30,MDcalibtest,0,1,1.326632,gazeDirection,z,-1.121533,0,0
2022-06-30,MDcalibtest,0,1,1.338236,target,x,-1,0,0
2022-06-30,MDcalibtest,0,1,1.338236,target,y,1.868431,0,0
2022-06-30,MDcalibtest,0,1,1.338236,target,z,0.0183516,0,0
2022-06-30,MDcalibtest,0,1,1.338236,head,x,-3.195391,0,0
2022-06-30,MDcalibtest,0,1,1.338236,head,y,0.9542893,0,0
2022-06-30,MDcalibtest,0,1,1.338236,head,z,2.900809,0,0
2022-06-30,MDcalibtest,0,1,1.338236,gazeOrigin,x,-0.0008012981,0,0
2022-06-30,MDcalibtest,0,1,1.338236,gazeOrigin,y,-0.001048744,0,0
2022-06-30,MDcalibtest,0,1,1.338236,gazeOrigin,z,-0.001121631,0,0
2022-06-30,MDcalibtest,0,1,1.338236,gazeDirection,x,-0.8012981,0,0
2022-06-30,MDcalibtest,0,1,1.338236,gazeDirection,y,-1.048744,0,0
2022-06-30,MDcalibtest,0,1,1.338236,gazeDirection,z,-1.121631,0,0
2022-06-30,MDcalibtest,0,1,1.352162,target,x,-1,0,0
2022-06-30,MDcalibtest,0,1,1.352162,target,y,1.8684,0,0
2022-06-30,MDcalibtest,0,1,1.352162,target,z,0.01871343,0,0
2022-06-30,MDcalibtest,0,1,1.352162,head,x,-3.19526,0,0
2022-06-30,MDcalibtest,0,1,1.352162,head,y,0.9543592,0,0
2022-06-30,MDcalibtest,0,1,1.352162,head,z,2.900643,0,0
2022-06-30,MDcalibtest,0,1,1.352162,gazeOrigin,x,-0.0008011406,0,0
2022-06-30,MDcalibtest,0,1,1.352162,gazeOrigin,y,-0.001048644,0,0
2022-06-30,MDcalibtest,0,1,1.352162,gazeOrigin,z,-0.001121837,0,0
2022-06-30,MDcalibtest,0,1,1.352162,gazeDirection,x,-0.8011406,0,0
2022-06-30,MDcalibtest,0,1,1.352162,gazeDirection,y,-1.048644,0,0
2022-06-30,MDcalibtest,0,1,1.352162,gazeDirection,z,-1.121837,0,0
2022-06-30,MDcalibtest,0,1,1.362253,target,x,-1,0,0
2022-06-30,MDcalibtest,0,1,1.362253,target,y,1.868358,0,0
2022-06-30,MDcalibtest,0,1,1.362253,target,z,0.01919642,0,0
2022-06-30,MDcalibtest,0,1,1.362253,head,x,-3.195301,0,0
2022-06-30,MDcalibtest,0,1,1.362253,head,y,0.9543533,0,0
2022-06-30,MDcalibtest,0,1,1.362253,head,z,2.900616,0,0
2022-06-30,MDcalibtest,0,1,1.362253,gazeOrigin,x,-0.0008011844,0,0
2022-06-30,MDcalibtest,0,1,1.362253,gazeOrigin,y,-0.001048909,0,0
2022-06-30,MDcalibtest,0,1,1.362253,gazeOrigin,z,-0.001121558,0,0
2022-06-30,MDcalibtest,0,1,1.362253,gazeDirection,x,-0.8011843,0,0
2022-06-30,MDcalibtest,0,1,1.362253,gazeDirection,y,-1.048909,0,0
2022-06-30,MDcalibtest,0,1,1.362253,gazeDirection,z,-1.121558,0,0
2022-06-30,MDcalibtest,0,1,1.375725,target,x,-1,0,0
2022-06-30,MDcalibtest,0,1,1.375725,target,y,1.868309,0,0
2022-06-30,MDcalibtest,0,1,1.375725,target,z,0.01976643,0,0
2022-06-30,MDcalibtest,0,1,1.375725,head,x,-3.195408,0,0
2022-06-30,MDcalibtest,0,1,1.375725,head,y,0.9543307,0,0
2022-06-30,MDcalibtest,0,1,1.375725,head,z,2.900683,0,0
2022-06-30,MDcalibtest,0,1,1.375725,gazeOrigin,x,-0.0008011025,0,0
2022-06-30,MDcalibtest,0,1,1.375725,gazeOrigin,y,-0.001048933,0,0
2022-06-30,MDcalibtest,0,1,1.375725,gazeOrigin,z,-0.001121595,0,0
2022-06-30,MDcalibtest,0,1,1.375725,gazeDirection,x,-0.8011024,0,0
2022-06-30,MDcalibtest,0,1,1.375725,gazeDirection,y,-1.048933,0,0
2022-06-30,MDcalibtest,0,1,1.375725,gazeDirection,z,-1.121595,0,0
2022-06-30,MDcalibtest,0,1,1.391625,target,x,-1,0,0
2022-06-30,MDcalibtest,0,1,1.391625,target,y,1.868276,0,0
2022-06-30,MDcalibtest,0,1,1.391625,target,z,0.02014432,0,0
2022-06-30,MDcalibtest,0,1,1.391625,head,x,-3.195377,0,0
2022-06-30,MDcalibtest,0,1,1.391625,head,y,0.9543054,0,0
2022-06-30,MDcalibtest,0,1,1.391625,head,z,2.900722,0,0
2022-06-30,MDcalibtest,0,1,1.391625,gazeOrigin,x,-0.0008008273,0,0
2022-06-30,MDcalibtest,0,1,1.391625,gazeOrigin,y,-0.00104899,0,0
2022-06-30,MDcalibtest,0,1,1.391625,gazeOrigin,z,-0.001121738,0,0
2022-06-30,MDcalibtest,0,1,1.391625,gazeDirection,x,-0.8008273,0,0
2022-06-30,MDcalibtest,0,1,1.391625,gazeDirection,y,-1.04899,0,0
2022-06-30,MDcalibtest,0,1,1.391625,gazeDirection,z,-1.121738,0,0
2022-06-30,MDcalibtest,0,1,1.402164,target,x,-1,0,0
2022-06-30,MDcalibtest,0,1,1.402164,target,y,1.868244,0,0
2022-06-30,MDcalibtest,0,1,1.402164,target,z,0.02051501,0,0
2022-06-30,MDcalibtest,0,1,1.402164,head,x,-3.1953,0,0
2022-06-30,MDcalibtest,0,1,1.402164,head,y,0.9543067,0,0
2022-06-30,MDcalibtest,0,1,1.402164,head,z,2.900742,0,0
2022-06-30,MDcalibtest,0,1,1.402164,gazeOrigin,x,-0.0008008494,0,0
2022-06-30,MDcalibtest,0,1,1.402164,gazeOrigin,y,-0.001048849,0,0
2022-06-30,MDcalibtest,0,1,1.402164,gazeOrigin,z,-0.001121854,0,0
2022-06-30,MDcalibtest,0,1,1.402164,gazeDirection,x,-0.8008493,0,0
2022-06-30,MDcalibtest,0,1,1.402164,gazeDirection,y,-1.048849,0,0
2022-06-30,MDcalibtest,0,1,1.402164,gazeDirection,z,-1.121854,0,0
2022-06-30,MDcalibtest,0,1,1.412504,target,x,-1,0,0
2022-06-30,MDcalibtest,0,1,1.412504,target,y,1.868215,0,0
2022-06-30,MDcalibtest,0,1,1.412504,target,z,0.02084918,0,0
2022-06-30,MDcalibtest,0,1,1.412504,head,x,-3.195264,0,0
2022-06-30,MDcalibtest,0,1,1.412504,head,y,0.9542252,0,0
2022-06-30,MDcalibtest,0,1,1.412504,head,z,2.900844,0,0
2022-06-30,MDcalibtest,0,1,1.412504,gazeOrigin,x,-0.0008007233,0,0
2022-06-30,MDcalibtest,0,1,1.412504,gazeOrigin,y,-0.001049086,0,0
2022-06-30,MDcalibtest,0,1,1.412504,gazeOrigin,z,-0.001121722,0,0
2022-06-30,MDcalibtest,0,1,1.412504,gazeDirection,x,-0.8007232,0,0
2022-06-30,MDcalibtest,0,1,1.412504,gazeDirection,y,-1.049086,0,0
2022-06-30,MDcalibtest,0,1,1.412504,gazeDirection,z,-1.121722,0,0
2022-06-30,MDcalibtest,0,1,1.421825,target,x,-1,0,0
2022-06-30,MDcalibtest,0,1,1.421825,target,y,1.868189,0,0
2022-06-30,MDcalibtest,0,1,1.421825,target,z,0.02114859,0,0
2022-06-30,MDcalibtest,0,1,1.421825,head,x,-3.195281,0,0
2022-06-30,MDcalibtest,0,1,1.421825,head,y,0.9542392,0,0
2022-06-30,MDcalibtest,0,1,1.421825,head,z,2.900845,0,0
2022-06-30,MDcalibtest,0,1,1.421825,gazeOrigin,x,-0.000800936,0,0
2022-06-30,MDcalibtest,0,1,1.421825,gazeOrigin,y,-0.001048995,0,0
2022-06-30,MDcalibtest,0,1,1.421825,gazeOrigin,z,-0.001121655,0,0
2022-06-30,MDcalibtest,0,1,1.421825,gazeDirection,x,-0.800936,0,0
2022-06-30,MDcalibtest,0,1,1.421825,gazeDirection,y,-1.048995,0,0
2022-06-30,MDcalibtest,0,1,1.421825,gazeDirection,z,-1.121655,0,0
2022-06-30,MDcalibtest,0,1,1.430177,target,x,-1,0,0
2022-06-30,MDcalibtest,0,1,1.430177,target,y,1.86816,0,0
2022-06-30,MDcalibtest,0,1,1.430177,target,z,0.0214941,0,0
2022-06-30,MDcalibtest,0,1,1.430177,head,x,-3.195234,0,0
2022-06-30,MDcalibtest,0,1,1.430177,head,y,0.954322,0,0
2022-06-30,MDcalibtest,0,1,1.430177,head,z,2.900665,0,0
2022-06-30,MDcalibtest,0,1,1.430177,gazeOrigin,x,-0.0008005396,0,0
2022-06-30,MDcalibtest,0,1,1.430177,gazeOrigin,y,-0.001049257,0,0
2022-06-30,MDcalibtest,0,1,1.430177,gazeOrigin,z,-0.001121694,0,0
2022-06-30,MDcalibtest,0,1,1.430177,gazeDirection,x,-0.8005396,0,0
2022-06-30,MDcalibtest,0,1,1.430177,gazeDirection,y,-1.049257,0,0
2022-06-30,MDcalibtest,0,1,1.430177,gazeDirection,z,-1.121694,0,0
2022-06-30,MDcalibtest,0,1,1.439814,target,x,-1,0,0
2022-06-30,MDcalibtest,0,1,1.439814,target,y,1.86813,0,0
2022-06-30,MDcalibtest,0,1,1.439814,target,z,0.02183309,0,0
2022-06-30,MDcalibtest,0,1,1.439814,head,x,-3.195246,0,0
2022-06-30,MDcalibtest,0,1,1.439814,head,y,0.9543252,0,0
2022-06-30,MDcalibtest,0,1,1.439814,head,z,2.900675,0,0
2022-06-30,MDcalibtest,0,1,1.439814,gazeOrigin,x,-0.0008006654,0,0
2022-06-30,MDcalibtest,0,1,1.439814,gazeOrigin,y,-0.001049034,0,0
2022-06-30,MDcalibtest,0,1,1.439814,gazeOrigin,z,-0.001121813,0,0
2022-06-30,MDcalibtest,0,1,1.439814,gazeDirection,x,-0.8006654,0,0
2022-06-30,MDcalibtest,0,1,1.439814,gazeDirection,y,-1.049034,0,0
2022-06-30,MDcalibtest,0,1,1.439814,gazeDirection,z,-1.121812,0,0
2022-06-30,MDcalibtest,0,1,1.449269,target,x,-1,0,0
2022-06-30,MDcalibtest,0,1,1.449269,target,y,1.868093,0,0
2022-06-30,MDcalibtest,0,1,1.449269,target,z,0.02226796,0,0
2022-06-30,MDcalibtest,0,1,1.449269,head,x,-3.195186,0,0
2022-06-30,MDcalibtest,0,1,1.449269,head,y,0.9544078,0,0
2022-06-30,MDcalibtest,0,1,1.449269,head,z,2.900422,0,0
2022-06-30,MDcalibtest,0,1,1.449269,gazeOrigin,x,-0.000800553,0,0
2022-06-30,MDcalibtest,0,1,1.449269,gazeOrigin,y,-0.001049057,0,0
2022-06-30,MDcalibtest,0,1,1.449269,gazeOrigin,z,-0.001121872,0,0
2022-06-30,MDcalibtest,0,1,1.449269,gazeDirection,x,-0.800553,0,0
2022-06-30,MDcalibtest,0,1,1.449269,gazeDirection,y,-1.049057,0,0
2022-06-30,MDcalibtest,0,1,1.449269,gazeDirection,z,-1.121871,0,0
2022-06-30,MDcalibtest,0,1,1.4614,target,x,-1,0,0
2022-06-30,MDcalibtest,0,1,1.4614,target,y,1.868058,0,0
2022-06-30,MDcalibtest,0,1,1.4614,target,z,0.02266941,0,0
2022-06-30,MDcalibtest,0,1,1.4614,head,x,-3.195223,0,0
2022-06-30,MDcalibtest,0,1,1.4614,head,y,0.9544193,0,0
2022-06-30,MDcalibtest,0,1,1.4614,head,z,2.90037,0,0
2022-06-30,MDcalibtest,0,1,1.4614,gazeOrigin,x,-0.000800289,0,0
2022-06-30,MDcalibtest,0,1,1.4614,gazeOrigin,y,-0.001049323,0,0
2022-06-30,MDcalibtest,0,1,1.4614,gazeOrigin,z,-0.001121811,0,0
2022-06-30,MDcalibtest,0,1,1.4614,gazeDirection,x,-0.800289,0,0
2022-06-30,MDcalibtest,0,1,1.4614,gazeDirection,y,-1.049323,0,0
2022-06-30,MDcalibtest,0,1,1.4614,gazeDirection,z,-1.12181,0,0
2022-06-30,MDcalibtest,0,1,1.472597,target,x,-1,0,0
2022-06-30,MDcalibtest,0,1,1.472597,target,y,1.868029,0,0
2022-06-30,MDcalibtest,0,1,1.472597,target,z,0.0230124,0,0
2022-06-30,MDcalibtest,0,1,1.472597,head,x,-3.195106,0,0
2022-06-30,MDcalibtest,0,1,1.472597,head,y,0.9543136,0,0
2022-06-30,MDcalibtest,0,1,1.472597,head,z,2.900598,0,0
2022-06-30,MDcalibtest,0,1,1.472597,gazeOrigin,x,-0.0008004456,0,0
2022-06-30,MDcalibtest,0,1,1.472597,gazeOrigin,y,-0.001049201,0,0
2022-06-30,MDcalibtest,0,1,1.472597,gazeOrigin,z,-0.001121813,0,0
2022-06-30,MDcalibtest,0,1,1.472597,gazeDirection,x,-0.8004456,0,0
2022-06-30,MDcalibtest,0,1,1.472597,gazeDirection,y,-1.049201,0,0
2022-06-30,MDcalibtest,0,1,1.472597,gazeDirection,z,-1.121812,0,0
2022-06-30,MDcalibtest,0,1,1.482165,target,x,-1,0,0
2022-06-30,MDcalibtest,0,1,1.482165,target,y,1.867992,0,0
2022-06-30,MDcalibtest,0,1,1.482165,target,z,0.02343683,0,0
2022-06-30,MDcalibtest,0,1,1.482165,head,x,-3.195153,0,0
2022-06-30,MDcalibtest,0,1,1.482165,head,y,0.954321,0,0
2022-06-30,MDcalibtest,0,1,1.482165,head,z,2.900518,0,0
2022-06-30,MDcalibtest,0,1,1.482165,gazeOrigin,x,-0.0008003901,0,0
2022-06-30,MDcalibtest,0,1,1.482165,gazeOrigin,y,-0.001049093,0,0
2022-06-30,MDcalibtest,0,1,1.482165,gazeOrigin,z,-0.001121954,0,0
2022-06-30,MDcalibtest,0,1,1.482165,gazeDirection,x,-0.8003901,0,0
2022-06-30,MDcalibtest,0,1,1.482165,gazeDirection,y,-1.049093,0,0
2022-06-30,MDcalibtest,0,1,1.482165,gazeDirection,z,-1.121954,0,0
2022-06-30,MDcalibtest,0,1,1.494003,target,x,-1,0,0
2022-06-30,MDcalibtest,0,1,1.494003,target,y,1.867959,0,0
2022-06-30,MDcalibtest,0,1,1.494003,target,z,0.02381134,0,0
2022-06-30,MDcalibtest,0,1,1.494003,head,x,-3.195291,0,0
2022-06-30,MDcalibtest,0,1,1.494003,head,y,0.954223,0,0
2022-06-30,MDcalibtest,0,1,1.494003,head,z,2.900687,0,0
2022-06-30,MDcalibtest,0,1,1.494003,gazeOrigin,x,-0.0008003965,0,0
2022-06-30,MDcalibtest,0,1,1.494003,gazeOrigin,y,-0.001049171,0,0
2022-06-30,MDcalibtest,0,1,1.494003,gazeOrigin,z,-0.001121876,0,0
2022-06-30,MDcalibtest,0,1,1.494003,gazeDirection,x,-0.8003966,0,0
2022-06-30,MDcalibtest,0,1,1.494003,gazeDirection,y,-1.049171,0,0
2022-06-30,MDcalibtest,0,1,1.494003,gazeDirection,z,-1.121876,0,0
2022-06-30,MDcalibtest,0,1,1.504448,target,x,-1,0,0
2022-06-30,MDcalibtest,0,1,1.504448,target,y,1.867924,0,0
2022-06-30,MDcalibtest,0,1,1.504448,target,z,0.02421985,0,0
2022-06-30,MDcalibtest,0,1,1.504448,head,x,-3.195243,0,0
2022-06-30,MDcalibtest,0,1,1.504448,head,y,0.9541899,0,0
2022-06-30,MDcalibtest,0,1,1.504448,head,z,2.900796,0,0
2022-06-30,MDcalibtest,0,1,1.504448,gazeOrigin,x,-0.0008004861,0,0
2022-06-30,MDcalibtest,0,1,1.504448,gazeOrigin,y,-0.001049029,0,0
2022-06-30,MDcalibtest,0,1,1.504448,gazeOrigin,z,-0.001121945,0,0
2022-06-30,MDcalibtest,0,1,1.504448,gazeDirection,x,-0.800486,0,0
2022-06-30,MDcalibtest,0,1,1.504448,gazeDirection,y,-1.049029,0,0
2022-06-30,MDcalibtest,0,1,1.504448,gazeDirection,z,-1.121945,0,0
2022-06-30,MDcalibtest,0,1,1.515843,target,x,-1,0,0
2022-06-30,MDcalibtest,0,1,1.515843,target,y,1.867892,0,0
2022-06-30,MDcalibtest,0,1,1.515843,target,z,0.02459941,0,0
2022-06-30,MDcalibtest,0,1,1.515843,head,x,-3.195321,0,0
2022-06-30,MDcalibtest,0,1,1.515843,head,y,0.9542449,0,0
2022-06-30,MDcalibtest,0,1,1.515843,head,z,2.900713,0,0
2022-06-30,MDcalibtest,0,1,1.515843,gazeOrigin,x,-0.0008008683,0,0
2022-06-30,MDcalibtest,0,1,1.515843,gazeOrigin,y,-0.001049022,0,0
2022-06-30,MDcalibtest,0,1,1.515843,gazeOrigin,z,-0.001121678,0,0
2022-06-30,MDcalibtest,0,1,1.515843,gazeDirection,x,-0.8008683,0,0
2022-06-30,MDcalibtest,0,1,1.515843,gazeDirection,y,-1.049022,0,0
2022-06-30,MDcalibtest,0,1,1.515843,gazeDirection,z,-1.121678,0,0
2022-06-30,MDcalibtest,0,1,1.526431,target,x,-1,0,0
2022-06-30,MDcalibtest,0,1,1.526431,target,y,1.867854,0,0
2022-06-30,MDcalibtest,0,1,1.526431,target,z,0.02503471,0,0
2022-06-30,MDcalibtest,0,1,1.526431,head,x,-3.195335,0,0
2022-06-30,MDcalibtest,0,1,1.526431,head,y,0.9542483,0,0
2022-06-30,MDcalibtest,0,1,1.526431,head,z,2.900721,0,0
2022-06-30,MDcalibtest,0,1,1.526431,gazeOrigin,x,-0.0008006701,0,0
2022-06-30,MDcalibtest,0,1,1.526431,gazeOrigin,y,-0.001049061,0,0
2022-06-30,MDcalibtest,0,1,1.526431,gazeOrigin,z,-0.001121784,0,0
2022-06-30,MDcalibtest,0,1,1.526431,gazeDirection,x,-0.80067,0,0
2022-06-30,MDcalibtest,0,1,1.526431,gazeDirection,y,-1.049061,0,0
2022-06-30,MDcalibtest,0,1,1.526431,gazeDirection,z,-1.121784,0,0
2022-06-30,MDcalibtest,0,1,1.538572,target,x,-1,0,0
2022-06-30,MDcalibtest,0,1,1.538572,target,y,1.867822,0,0
2022-06-30,MDcalibtest,0,1,1.538572,target,z,0.02540555,0,0
2022-06-30,MDcalibtest,0,1,1.538572,head,x,-3.19531,0,0
2022-06-30,MDcalibtest,0,1,1.538572,head,y,0.9541793,0,0
2022-06-30,MDcalibtest,0,1,1.538572,head,z,2.900787,0,0
2022-06-30,MDcalibtest,0,1,1.538572,gazeOrigin,x,-0.0008005722,0,0
2022-06-30,MDcalibtest,0,1,1.538572,gazeOrigin,y,-0.001049087,0,0
2022-06-30,MDcalibtest,0,1,1.538572,gazeOrigin,z,-0.001121829,0,0
2022-06-30,MDcalibtest,0,1,1.538572,gazeDirection,x,-0.8005722,0,0
2022-06-30,MDcalibtest,0,1,1.538572,gazeDirection,y,-1.049087,0,0
2022-06-30,MDcalibtest,0,1,1.538572,gazeDirection,z,-1.121829,0,0
2022-06-30,MDcalibtest,0,1,1.548916,target,x,-1,0,0
2022-06-30,MDcalibtest,0,1,1.548916,target,y,1.867787,0,0
2022-06-30,MDcalibtest,0,1,1.548916,target,z,0.0258049,0,0
2022-06-30,MDcalibtest,0,1,1.548916,head,x,-3.195299,0,0
2022-06-30,MDcalibtest,0,1,1.548916,head,y,0.9541552,0,0
2022-06-30,MDcalibtest,0,1,1.548916,head,z,2.9008,0,0
2022-06-30,MDcalibtest,0,1,1.548916,gazeOrigin,x,-0.0008003201,0,0
2022-06-30,MDcalibtest,0,1,1.548916,gazeOrigin,y,-0.001049075,0,0
2022-06-30,MDcalibtest,0,1,1.548916,gazeOrigin,z,-0.00112202,0,0
2022-06-30,MDcalibtest,0,1,1.548916,gazeDirection,x,-0.80032,0,0
2022-06-30,MDcalibtest,0,1,1.548916,gazeDirection,y,-1.049075,0,0
2022-06-30,MDcalibtest,0,1,1.548916,gazeDirection,z,-1.12202,0,0
2022-06-30,MDcalibtest,0,1,1.560054,target,x,-1,0,0
2022-06-30,MDcalibtest,0,1,1.560054,target,y,1.867746,0,0
2022-06-30,MDcalibtest,0,1,1.560054,target,z,0.02628384,0,0
2022-06-30,MDcalibtest,0,1,1.560054,head,x,-3.195295,0,0
2022-06-30,MDcalibtest,0,1,1.560054,head,y,0.9541879,0,0
2022-06-30,MDcalibtest,0,1,1.560054,head,z,2.900837,0,0
2022-06-30,MDcalibtest,0,1,1.560054,gazeOrigin,x,-0.0008008822,0,0
2022-06-30,MDcalibtest,0,1,1.560054,gazeOrigin,y,-0.001048727,0,0
2022-06-30,MDcalibtest,0,1,1.560054,gazeOrigin,z,-0.001121944,0,0
2022-06-30,MDcalibtest,0,1,1.560054,gazeDirection,x,-0.8008822,0,0
2022-06-30,MDcalibtest,0,1,1.560054,gazeDirection,y,-1.048727,0,0
2022-06-30,MDcalibtest,0,1,1.560054,gazeDirection,z,-1.121944,0,0
2022-06-30,MDcalibtest,0,1,1.573414,target,x,-1,0,0
2022-06-30,MDcalibtest,0,1,1.573414,target,y,1.867703,0,0
2022-06-30,MDcalibtest,0,1,1.573414,target,z,0.02678356,0,0
2022-06-30,MDcalibtest,0,1,1.573414,head,x,-3.195349,0,0
2022-06-30,MDcalibtest,0,1,1.573414,head,y,0.9541441,0,0
2022-06-30,MDcalibtest,0,1,1.573414,head,z,2.900833,0,0
2022-06-30,MDcalibtest,0,1,1.573414,gazeOrigin,x,-0.0008007144,0,0
2022-06-30,MDcalibtest,0,1,1.573414,gazeOrigin,y,-0.00104906,0,0
2022-06-30,MDcalibtest,0,1,1.573414,gazeOrigin,z,-0.001121753,0,0
2022-06-30,MDcalibtest,0,1,1.573414,gazeDirection,x,-0.8007144,0,0
2022-06-30,MDcalibtest,0,1,1.573414,gazeDirection,y,-1.04906,0,0
2022-06-30,MDcalibtest,0,1,1.573414,gazeDirection,z,-1.121753,0,0
2022-06-30,MDcalibtest,0,1,1.587353,target,x,-1,0,0
2022-06-30,MDcalibtest,0,1,1.587353,target,y,1.867703,0,0
2022-06-30,MDcalibtest,0,1,1.587353,target,z,0.02678356,0,0
2022-06-30,MDcalibtest,0,1,1.587353,head,x,-3.195337,0,0
2022-06-30,MDcalibtest,0,1,1.587353,head,y,0.9540974,0,0
2022-06-30,MDcalibtest,0,1,1.587353,head,z,2.900858,0,0
2022-06-30,MDcalibtest,0,1,1.587353,gazeOrigin,x,-0.0008005176,0,0
2022-06-30,MDcalibtest,0,1,1.587353,gazeOrigin,y,-0.001049093,0,0
2022-06-30,MDcalibtest,0,1,1.587353,gazeOrigin,z,-0.001121862,0,0
2022-06-30,MDcalibtest,0,1,1.587353,gazeDirection,x,-0.8005175,0,0
2022-06-30,MDcalibtest,0,1,1.587353,gazeDirection,y,-1.049093,0,0
2022-06-30,MDcalibtest,0,1,1.587353,gazeDirection,z,-1.121862,0,0
2022-06-30,MDcalibtest,0,1,1.600242,target,x,-1,0,0
2022-06-30,MDcalibtest,0,1,1.600242,target,y,1.867692,0,0
2022-06-30,MDcalibtest,0,1,1.600242,target,z,0.02702675,0,0
2022-06-30,MDcalibtest,0,1,1.600242,head,x,-3.195396,0,0
2022-06-30,MDcalibtest,0,1,1.600242,head,y,0.9541678,0,0
2022-06-30,MDcalibtest,0,1,1.600242,head,z,2.90081,0,0
2022-06-30,MDcalibtest,0,1,1.600242,gazeOrigin,x,-0.0008003353,0,0
2022-06-30,MDcalibtest,0,1,1.600242,gazeOrigin,y,-0.001048976,0,0
2022-06-30,MDcalibtest,0,1,1.600242,gazeOrigin,z,-0.001122102,0,0
2022-06-30,MDcalibtest,0,1,1.600242,gazeDirection,x,-0.8003353,0,0
2022-06-30,MDcalibtest,0,1,1.600242,gazeDirection,y,-1.048976,0,0
2022-06-30,MDcalibtest,0,1,1.600242,gazeDirection,z,-1.122102,0,0
2022-06-30,MDcalibtest,0,1,1.610412,target,x,-1,0,0
2022-06-30,MDcalibtest,0,1,1.610412,target,y,1.867681,0,0
2022-06-30,MDcalibtest,0,1,1.610412,target,z,0.02725563,0,0
2022-06-30,MDcalibtest,0,1,1.610412,head,x,-3.195413,0,0
2022-06-30,MDcalibtest,0,1,1.610412,head,y,0.9542352,0,0
2022-06-30,MDcalibtest,0,1,1.610412,head,z,2.900783,0,0
2022-06-30,MDcalibtest,0,1,1.610412,gazeOrigin,x,-0.0008006039,0,0
2022-06-30,MDcalibtest,0,1,1.610412,gazeOrigin,y,-0.001048957,0,0
2022-06-30,MDcalibtest,0,1,1.610412,gazeOrigin,z,-0.001121929,0,0
2022-06-30,MDcalibtest,0,1,1.610412,gazeDirection,x,-0.8006039,0,0
2022-06-30,MDcalibtest,0,1,1.610412,gazeDirection,y,-1.048957,0,0
2022-06-30,MDcalibtest,0,1,1.610412,gazeDirection,z,-1.121928,0,0
2022-06-30,MDcalibtest,0,1,1.619984,target,x,-1,0,0
2022-06-30,MDcalibtest,0,1,1.619984,target,y,1.86767,0,0
2022-06-30,MDcalibtest,0,1,1.619984,target,z,0.02748861,0,0
2022-06-30,MDcalibtest,0,1,1.619984,head,x,-3.195367,0,0
2022-06-30,MDcalibtest,0,1,1.619984,head,y,0.9542502,0,0
2022-06-30,MDcalibtest,0,1,1.619984,head,z,2.900864,0,0
2022-06-30,MDcalibtest,0,1,1.619984,gazeOrigin,x,-0.0008004463,0,0
2022-06-30,MDcalibtest,0,1,1.619984,gazeOrigin,y,-0.001048869,0,0
2022-06-30,MDcalibtest,0,1,1.619984,gazeOrigin,z,-0.001122123,0,0
2022-06-30,MDcalibtest,0,1,1.619984,gazeDirection,x,-0.8004463,0,0
2022-06-30,MDcalibtest,0,1,1.619984,gazeDirection,y,-1.048869,0,0
2022-06-30,MDcalibtest,0,1,1.619984,gazeDirection,z,-1.122122,0,0
2022-06-30,MDcalibtest,0,1,1.629728,target,x,-1,0,0
2022-06-30,MDcalibtest,0,1,1.629728,target,y,1.867659,0,0
2022-06-30,MDcalibtest,0,1,1.629728,target,z,0.02771521,0,0
2022-06-30,MDcalibtest,0,1,1.629728,head,x,-3.195349,0,0
2022-06-30,MDcalibtest,0,1,1.629728,head,y,0.9542179,0,0
2022-06-30,MDcalibtest,0,1,1.629728,head,z,2.90084,0,0
2022-06-30,MDcalibtest,0,1,1.629728,gazeOrigin,x,-0.0008005234,0,0
2022-06-30,MDcalibtest,0,1,1.629728,gazeOrigin,y,-0.001048804,0,0
2022-06-30,MDcalibtest,0,1,1.629728,gazeOrigin,z,-0.001122128,0,0
2022-06-30,MDcalibtest,0,1,1.629728,gazeDirection,x,-0.8005234,0,0
2022-06-30,MDcalibtest,0,1,1.629728,gazeDirection,y,-1.048804,0,0
2022-06-30,MDcalibtest,0,1,1.629728,gazeDirection,z,-1.122128,0,0
2022-06-30,MDcalibtest,0,1,1.639205,target,x,-1,0,0
2022-06-30,MDcalibtest,0,1,1.639205,target,y,1.867648,0,0
2022-06-30,MDcalibtest,0,1,1.639205,target,z,0.02796555,0,0
2022-06-30,MDcalibtest,0,1,1.639205,head,x,-3.195302,0,0
2022-06-30,MDcalibtest,0,1,1.639205,head,y,0.9541533,0,0
2022-06-30,MDcalibtest,0,1,1.639205,head,z,2.900931,0,0
2022-06-30,MDcalibtest,0,1,1.639205,gazeOrigin,x,-0.0008002655,0,0
2022-06-30,MDcalibtest,0,1,1.639205,gazeOrigin,y,-0.001048916,0,0
2022-06-30,MDcalibtest,0,1,1.639205,gazeOrigin,z,-0.001122208,0,0
2022-06-30,MDcalibtest,0,1,1.639205,gazeDirection,x,-0.8002654,0,0
2022-06-30,MDcalibtest,0,1,1.639205,gazeDirection,y,-1.048916,0,0
2022-06-30,MDcalibtest,0,1,1.639205,gazeDirection,z,-1.122208,0,0
2022-06-30,MDcalibtest,0,1,1.649675,target,x,-1,0,0
2022-06-30,MDcalibtest,0,1,1.649675,target,y,1.867635,0,0
2022-06-30,MDcalibtest,0,1,1.649675,target,z,0.02823853,0,0
2022-06-30,MDcalibtest,0,1,1.649675,head,x,-3.195207,0,0
2022-06-30,MDcalibtest,0,1,1.649675,head,y,0.9542562,0,0
2022-06-30,MDcalibtest,0,1,1.649675,head,z,2.900788,0,0
2022-06-30,MDcalibtest,0,1,1.649675,gazeOrigin,x,-0.0008003851,0,0
2022-06-30,MDcalibtest,0,1,1.649675,gazeOrigin,y,-0.001048792,0,0
2022-06-30,MDcalibtest,0,1,1.649675,gazeOrigin,z,-0.001122238,0,0
2022-06-30,MDcalibtest,0,1,1.649675,gazeDirection,x,-0.8003851,0,0
2022-06-30,MDcalibtest,0,1,1.649675,gazeDirection,y,-1.048792,0,0
2022-06-30,MDcalibtest,0,1,1.649675,gazeDirection,z,-1.122238,0,0
2022-06-30,MDcalibtest,0,1,1.661093,target,x,-1,0,0
2022-06-30,MDcalibtest,0,1,1.661093,target,y,1.867622,0,0
2022-06-30,MDcalibtest,0,1,1.661093,target,z,0.02851429,0,0
2022-06-30,MDcalibtest,0,1,1.661093,head,x,-3.19527,0,0
2022-06-30,MDcalibtest,0,1,1.661093,head,y,0.9540598,0,0
2022-06-30,MDcalibtest,0,1,1.661093,head,z,2.901056,0,0
2022-06-30,MDcalibtest,0,1,1.661093,gazeOrigin,x,-0.0008003617,0,0
2022-06-30,MDcalibtest,0,1,1.661093,gazeOrigin,y,-0.001048807,0,0
2022-06-30,MDcalibtest,0,1,1.661093,gazeOrigin,z,-0.001122241,0,0
2022-06-30,MDcalibtest,0,1,1.661093,gazeDirection,x,-0.8003616,0,0
2022-06-30,MDcalibtest,0,1,1.661093,gazeDirection,y,-1.048807,0,0
2022-06-30,MDcalibtest,0,1,1.661093,gazeDirection,z,-1.122241,0,0
2022-06-30,MDcalibtest,0,1,1.672626,target,x,-1,0,0
2022-06-30,MDcalibtest,0,1,1.672626,target,y,1.86761,0,0
2022-06-30,MDcalibtest,0,1,1.672626,target,z,0.02878184,0,0
2022-06-30,MDcalibtest,0,1,1.672626,head,x,-3.195251,0,0
2022-06-30,MDcalibtest,0,1,1.672626,head,y,0.9540285,0,0
2022-06-30,MDcalibtest,0,1,1.672626,head,z,2.901112,0,0
2022-06-30,MDcalibtest,0,1,1.672626,gazeOrigin,x,-0.0008003093,0,0
2022-06-30,MDcalibtest,0,1,1.672626,gazeOrigin,y,-0.001048733,0,0
2022-06-30,MDcalibtest,0,1,1.672626,gazeOrigin,z,-0.001122348,0,0
2022-06-30,MDcalibtest,0,1,1.672626,gazeDirection,x,-0.8003092,0,0
2022-06-30,MDcalibtest,0,1,1.672626,gazeDirection,y,-1.048733,0,0
2022-06-30,MDcalibtest,0,1,1.672626,gazeDirection,z,-1.122348,0,0
2022-06-30,MDcalibtest,0,1,1.683816,target,x,-1,0,0
2022-06-30,MDcalibtest,0,1,1.683816,target,y,1.867597,0,0
2022-06-30,MDcalibtest,0,1,1.683816,target,z,0.02904544,0,0
2022-06-30,MDcalibtest,0,1,1.683816,head,x,-3.195305,0,0
2022-06-30,MDcalibtest,0,1,1.683816,head,y,0.9540931,0,0
2022-06-30,MDcalibtest,0,1,1.683816,head,z,2.900957,0,0
2022-06-30,MDcalibtest,0,1,1.683816,gazeOrigin,x,-0.0008004669,0,0
2022-06-30,MDcalibtest,0,1,1.683816,gazeOrigin,y,-0.001048933,0,0
2022-06-30,MDcalibtest,0,1,1.683816,gazeOrigin,z,-0.001122049,0,0
2022-06-30,MDcalibtest,0,1,1.683816,gazeDirection,x,-0.8004669,0,0
2022-06-30,MDcalibtest,0,1,1.683816,gazeDirection,y,-1.048932,0,0
2022-06-30,MDcalibtest,0,1,1.683816,gazeDirection,z,-1.122049,0,0
2022-06-30,MDcalibtest,0,1,1.694841,target,x,-1,0,0
2022-06-30,MDcalibtest,0,1,1.694841,target,y,1.867585,0,0
2022-06-30,MDcalibtest,0,1,1.694841,target,z,0.02930603,0,0
2022-06-30,MDcalibtest,0,1,1.694841,head,x,-3.19532,0,0
2022-06-30,MDcalibtest,0,1,1.694841,head,y,0.9540519,0,0
2022-06-30,MDcalibtest,0,1,1.694841,head,z,2.900991,0,0
2022-06-30,MDcalibtest,0,1,1.694841,gazeOrigin,x,-0.0008004526,0,0
2022-06-30,MDcalibtest,0,1,1.694841,gazeOrigin,y,-0.001048681,0,0
2022-06-30,MDcalibtest,0,1,1.694841,gazeOrigin,z,-0.001122294,0,0
2022-06-30,MDcalibtest,0,1,1.694841,gazeDirection,x,-0.8004525,0,0
2022-06-30,MDcalibtest,0,1,1.694841,gazeDirection,y,-1.048681,0,0
2022-06-30,MDcalibtest,0,1,1.694841,gazeDirection,z,-1.122294,0,0
2022-06-30,MDcalibtest,0,1,1.705739,target,x,-1,0,0
2022-06-30,MDcalibtest,0,1,1.705739,target,y,1.867573,0,0
2022-06-30,MDcalibtest,0,1,1.705739,target,z,0.02955985,0,0
2022-06-30,MDcalibtest,0,1,1.705739,head,x,-3.195242,0,0
2022-06-30,MDcalibtest,0,1,1.705739,head,y,0.9540663,0,0
2022-06-30,MDcalibtest,0,1,1.705739,head,z,2.900885,0,0
2022-06-30,MDcalibtest,0,1,1.705739,gazeOrigin,x,-0.0008001332,0,0
2022-06-30,MDcalibtest,0,1,1.705739,gazeOrigin,y,-0.001049035,0,0
2022-06-30,MDcalibtest,0,1,1.705739,gazeOrigin,z,-0.001122191,0,0
2022-06-30,MDcalibtest,0,1,1.705739,gazeDirection,x,-0.8001332,0,0
2022-06-30,MDcalibtest,0,1,1.705739,gazeDirection,y,-1.049035,0,0
2022-06-30,MDcalibtest,0,1,1.705739,gazeDirection,z,-1.122191,0,0
2022-06-30,MDcalibtest,0,1,1.716354,target,x,-1,0,0
2022-06-30,MDcalibtest,0,1,1.716354,target,y,1.867561,0,0
2022-06-30,MDcalibtest,0,1,1.716354,target,z,0.02982421,0,0
2022-06-30,MDcalibtest,0,1,1.716354,head,x,-3.195274,0,0
2022-06-30,MDcalibtest,0,1,1.716354,head,y,0.954038,0,0
2022-06-30,MDcalibtest,0,1,1.716354,head,z,2.900855,0,0
2022-06-30,MDcalibtest,0,1,1.716354,gazeOrigin,x,-0.0008002137,0,0
2022-06-30,MDcalibtest,0,1,1.716354,gazeOrigin,y,-0.001048992,0,0
2022-06-30,MDcalibtest,0,1,1.716354,gazeOrigin,z,-0.001122174,0,0
2022-06-30,MDcalibtest,0,1,1.716354,gazeDirection,x,-0.8002136,0,0
2022-06-30,MDcalibtest,0,1,1.716354,gazeDirection,y,-1.048992,0,0
2022-06-30,MDcalibtest,0,1,1.716354,gazeDirection,z,-1.122174,0,0
2022-06-30,MDcalibtest,0,1,1.727412,target,x,-1,0,0
2022-06-30,MDcalibtest,0,1,1.727412,target,y,1.867549,0,0
2022-06-30,MDcalibtest,0,1,1.727412,target,z,0.0300868,0,0
2022-06-30,MDcalibtest,0,1,1.727412,head,x,-3.195362,0,0
2022-06-30,MDcalibtest,0,1,1.727412,head,y,0.9540027,0,0
2022-06-30,MDcalibtest,0,1,1.727412,head,z,2.901042,0,0
2022-06-30,MDcalibtest,0,1,1.727412,gazeOrigin,x,-0.0008002932,0,0
2022-06-30,MDcalibtest,0,1,1.727412,gazeOrigin,y,-0.001049069,0,0
2022-06-30,MDcalibtest,0,1,1.727412,gazeOrigin,z,-0.001122045,0,0
2022-06-30,MDcalibtest,0,1,1.727412,gazeDirection,x,-0.8002931,0,0
2022-06-30,MDcalibtest,0,1,1.727412,gazeDirection,y,-1.049069,0,0
2022-06-30,MDcalibtest,0,1,1.727412,gazeDirection,z,-1.122045,0,0
2022-06-30,MDcalibtest,0,1,1.738393,target,x,-1,0,0
2022-06-30,MDcalibtest,0,1,1.738393,target,y,1.867536,0,0
2022-06-30,MDcalibtest,0,1,1.738393,target,z,0.03036866,0,0
2022-06-30,MDcalibtest,0,1,1.738393,head,x,-3.195324,0,0
2022-06-30,MDcalibtest,0,1,1.738393,head,y,0.9540004,0,0
2022-06-30,MDcalibtest,0,1,1.738393,head,z,2.901088,0,0
2022-06-30,MDcalibtest,0,1,1.738393,gazeOrigin,x,-0.0008002468,0,0
2022-06-30,MDcalibtest,0,1,1.738393,gazeOrigin,y,-0.001048883,0,0
2022-06-30,MDcalibtest,0,1,1.738393,gazeOrigin,z,-0.001122252,0,0
2022-06-30,MDcalibtest,0,1,1.738393,gazeDirection,x,-0.8002468,0,0
2022-06-30,MDcalibtest,0,1,1.738393,gazeDirection,y,-1.048882,0,0
2022-06-30,MDcalibtest,0,1,1.738393,gazeDirection,z,-1.122252,0,0
2022-06-30,MDcalibtest,0,1,1.750182,target,x,-1,0,0
2022-06-30,MDcalibtest,0,1,1.750182,target,y,1.867523,0,0
2022-06-30,MDcalibtest,0,1,1.750182,target,z,0.03063741,0,0
2022-06-30,MDcalibtest,0,1,1.750182,head,x,-3.195422,0,0
2022-06-30,MDcalibtest,0,1,1.750182,head,y,0.9539057,0,0
2022-06-30,MDcalibtest,0,1,1.750182,head,z,2.901147,0,0
2022-06-30,MDcalibtest,0,1,1.750182,gazeOrigin,x,-0.000800272,0,0
2022-06-30,MDcalibtest,0,1,1.750182,gazeOrigin,y,-0.001049142,0,0
2022-06-30,MDcalibtest,0,1,1.750182,gazeOrigin,z,-0.001121992,0,0
2022-06-30,MDcalibtest,0,1,1.750182,gazeDirection,x,-0.800272,0,0
2022-06-30,MDcalibtest,0,1,1.750182,gazeDirection,y,-1.049142,0,0
2022-06-30,MDcalibtest,0,1,1.750182,gazeDirection,z,-1.121992,0,0
2022-06-30,MDcalibtest,0,1,1.761422,target,x,-1,0,0
2022-06-30,MDcalibtest,0,1,1.761422,target,y,1.86751,0,0
2022-06-30,MDcalibtest,0,1,1.761422,target,z,0.03090696,0,0
2022-06-30,MDcalibtest,0,1,1.761422,head,x,-3.195252,0,0
2022-06-30,MDcalibtest,0,1,1.761422,head,y,0.9539907,0,0
2022-06-30,MDcalibtest,0,1,1.761422,head,z,2.900887,0,0
2022-06-30,MDcalibtest,0,1,1.761422,gazeOrigin,x,-0.0008004358,0,0
2022-06-30,MDcalibtest,0,1,1.761422,gazeOrigin,y,-0.001048959,0,0
2022-06-30,MDcalibtest,0,1,1.761422,gazeOrigin,z,-0.001122046,0,0
2022-06-30,MDcalibtest,0,1,1.761422,gazeDirection,x,-0.8004358,0,0
2022-06-30,MDcalibtest,0,1,1.761422,gazeDirection,y,-1.048959,0,0
2022-06-30,MDcalibtest,0,1,1.761422,gazeDirection,z,-1.122046,0,0
2022-06-30,MDcalibtest,0,1,1.772695,target,x,-1,0,0
2022-06-30,MDcalibtest,0,1,1.772695,target,y,1.867497,0,0
2022-06-30,MDcalibtest,0,1,1.772695,target,z,0.0311863,0,0
2022-06-30,MDcalibtest,0,1,1.772695,head,x,-3.195252,0,0
2022-06-30,MDcalibtest,0,1,1.772695,head,y,0.9539555,0,0
2022-06-30,MDcalibtest,0,1,1.772695,head,z,2.900923,0,0
2022-06-30,MDcalibtest,0,1,1.772695,gazeOrigin,x,-0.0008003979,0,0
2022-06-30,MDcalibtest,0,1,1.772695,gazeOrigin,y,-0.001048979,0,0
2022-06-30,MDcalibtest,0,1,1.772695,gazeOrigin,z,-0.001122055,0,0
2022-06-30,MDcalibtest,0,1,1.772695,gazeDirection,x,-0.8003979,0,0
2022-06-30,MDcalibtest,0,1,1.772695,gazeDirection,y,-1.048979,0,0
2022-06-30,MDcalibtest,0,1,1.772695,gazeDirection,z,-1.122055,0,0
2022-06-30,MDcalibtest,0,1,1.784378,target,x,-1,0,0
2022-06-30,MDcalibtest,0,1,1.784378,target,y,1.867484,0,0
2022-06-30,MDcalibtest,0,1,1.784378,target,z,0.03146806,0,0
2022-06-30,MDcalibtest,0,1,1.784378,head,x,-3.19529,0,0
2022-06-30,MDcalibtest,0,1,1.784378,head,y,0.9539514,0,0
2022-06-30,MDcalibtest,0,1,1.784378,head,z,2.901067,0,0
2022-06-30,MDcalibtest,0,1,1.784378,gazeOrigin,x,-0.0008003485,0,0
2022-06-30,MDcalibtest,0,1,1.784378,gazeOrigin,y,-0.001049263,0,0
2022-06-30,MDcalibtest,0,1,1.784378,gazeOrigin,z,-0.001121825,0,0
2022-06-30,MDcalibtest,0,1,1.784378,gazeDirection,x,-0.8003484,0,0
2022-06-30,MDcalibtest,0,1,1.784378,gazeDirection,y,-1.049263,0,0
2022-06-30,MDcalibtest,0,1,1.784378,gazeDirection,z,-1.121825,0,0
2022-06-30,MDcalibtest,0,1,1.796161,target,x,-1,0,0
2022-06-30,MDcalibtest,0,1,1.796161,target,y,1.867472,0,0
2022-06-30,MDcalibtest,0,1,1.796161,target,z,0.03172865,0,0
2022-06-30,MDcalibtest,0,1,1.796161,head,x,-3.195319,0,0
2022-06-30,MDcalibtest,0,1,1.796161,head,y,0.9540083,0,0
2022-06-30,MDcalibtest,0,1,1.796161,head,z,2.901013,0,0
2022-06-30,MDcalibtest,0,1,1.796161,gazeOrigin,x,-0.0008001659,0,0
2022-06-30,MDcalibtest,0,1,1.796161,gazeOrigin,y,-0.001049217,0,0
2022-06-30,MDcalibtest,0,1,1.796161,gazeOrigin,z,-0.001121998,0,0
2022-06-30,MDcalibtest,0,1,1.796161,gazeDirection,x,-0.8001658,0,0
2022-06-30,MDcalibtest,0,1,1.796161,gazeDirection,y,-1.049217,0,0
2022-06-30,MDcalibtest,0,1,1.796161,gazeDirection,z,-1.121997,0,0
2022-06-30,MDcalibtest,0,1,1.807061,target,x,-1,0,0
2022-06-30,MDcalibtest,0,1,1.807061,target,y,1.867459,0,0
2022-06-30,MDcalibtest,0,1,1.807061,target,z,0.03201079,0,0
2022-06-30,MDcalibtest,0,1,1.807061,head,x,-3.195135,0,0
2022-06-30,MDcalibtest,0,1,1.807061,head,y,0.9541465,0,0
2022-06-30,MDcalibtest,0,1,1.807061,head,z,2.900739,0,0
2022-06-30,MDcalibtest,0,1,1.807061,gazeOrigin,x,-0.000800074,0,0
2022-06-30,MDcalibtest,0,1,1.807061,gazeOrigin,y,-0.001048839,0,0
2022-06-30,MDcalibtest,0,1,1.807061,gazeOrigin,z,-0.001122416,0,0
2022-06-30,MDcalibtest,0,1,1.807061,gazeDirection,x,-0.800074,0,0
2022-06-30,MDcalibtest,0,1,1.807061,gazeDirection,y,-1.048839,0,0
2022-06-30,MDcalibtest,0,1,1.807061,gazeDirection,z,-1.122416,0,0
2022-06-30,MDcalibtest,0,1,1.818861,target,x,-1,0,0
2022-06-30,MDcalibtest,0,1,1.818861,target,y,1.867447,0,0
2022-06-30,MDcalibtest,0,1,1.818861,target,z,0.03227434,0,0
2022-06-30,MDcalibtest,0,1,1.818861,head,x,-3.195208,0,0
2022-06-30,MDcalibtest,0,1,1.818861,head,y,0.9540355,0,0
2022-06-30,MDcalibtest,0,1,1.818861,head,z,2.900944,0,0
2022-06-30,MDcalibtest,0,1,1.818861,gazeOrigin,x,-0.0008001064,0,0
2022-06-30,MDcalibtest,0,1,1.818861,gazeOrigin,y,-0.00104901,0,0
2022-06-30,MDcalibtest,0,1,1.818861,gazeOrigin,z,-0.001122233,0,0
2022-06-30,MDcalibtest,0,1,1.818861,gazeDirection,x,-0.8001064,0,0
2022-06-30,MDcalibtest,0,1,1.818861,gazeDirection,y,-1.04901,0,0
2022-06-30,MDcalibtest,0,1,1.818861,gazeDirection,z,-1.122233,0,0
2022-06-30,MDcalibtest,0,1,1.829884,target,x,-1,0,0
2022-06-30,MDcalibtest,0,1,1.829884,target,y,1.867434,0,0
2022-06-30,MDcalibtest,0,1,1.829884,target,z,0.03254409,0,0
2022-06-30,MDcalibtest,0,1,1.829884,head,x,-3.195234,0,0
2022-06-30,MDcalibtest,0,1,1.829884,head,y,0.9540641,0,0
2022-06-30,MDcalibtest,0,1,1.829884,head,z,2.900916,0,0
2022-06-30,MDcalibtest,0,1,1.829884,gazeOrigin,x,-0.0008002294,0,0
2022-06-30,MDcalibtest,0,1,1.829884,gazeOrigin,y,-0.001048731,0,0
2022-06-30,MDcalibtest,0,1,1.829884,gazeOrigin,z,-0.001122406,0,0
2022-06-30,MDcalibtest,0,1,1.829884,gazeDirection,x,-0.8002293,0,0
2022-06-30,MDcalibtest,0,1,1.829884,gazeDirection,y,-1.048731,0,0
2022-06-30,MDcalibtest,0,1,1.829884,gazeDirection,z,-1.122406,0,0
2022-06-30,MDcalibtest,0,1,1.841165,target,x,-1,0,1
2022-06-30,MDcalibtest,0,1,1.841165,target,y,1.867434,0,1
2022-06-30,MDcalibtest,0,1,1.841165,target,z,0.03254409,0,1
2022-06-30,MDcalibtest,0,1,1.841165,head,x,-3.195091,0,1
2022-06-30,MDcalibtest,0,1,1.841165,head,y,0.95418,0,1
2022-06-30,MDcalibtest,0,1,1.841165,head,z,2.900692,0,1
2022-06-30,MDcalibtest,0,1,1.841165,gazeOrigin,x,-0.0007999464,0,1
2022-06-30,MDcalibtest,0,1,1.841165,gazeOrigin,y,-0.001049023,0,1
2022-06-30,MDcalibtest,0,1,1.841165,gazeOrigin,z,-0.001122335,0,1
2022-06-30,MDcalibtest,0,1,1.841165,gazeDirection,x,-0.7999464,0,1
2022-06-30,MDcalibtest,0,1,1.841165,gazeDirection,y,-1.049023,0,1
2022-06-30,MDcalibtest,0,1,1.841165,gazeDirection,z,-1.122335,0,1
2022-06-30,MDcalibtest,0,1,1.852638,target,x,-1,0,1
2022-06-30,MDcalibtest,0,1,1.852638,target,y,1.867434,0,1
2022-06-30,MDcalibtest,0,1,1.852638,target,z,0.03254409,0,1
2022-06-30,MDcalibtest,0,1,1.852638,head,x,-3.195103,0,1
2022-06-30,MDcalibtest,0,1,1.852638,head,y,0.9541662,0,1
2022-06-30,MDcalibtest,0,1,1.852638,head,z,2.900688,0,1
2022-06-30,MDcalibtest,0,1,1.852638,gazeOrigin,x,-0.0007998766,0,1
2022-06-30,MDcalibtest,0,1,1.852638,gazeOrigin,y,-0.001049147,0,1
2022-06-30,MDcalibtest,0,1,1.852638,gazeOrigin,z,-0.001122269,0,1
2022-06-30,MDcalibtest,0,1,1.852638,gazeDirection,x,-0.7998766,0,1
2022-06-30,MDcalibtest,0,1,1.852638,gazeDirection,y,-1.049147,0,1
2022-06-30,MDcalibtest,0,1,1.852638,gazeDirection,z,-1.122269,0,1
2022-06-30,MDcalibtest,0,1,1.864076,target,x,-1,0,0
2022-06-30,MDcalibtest,0,1,1.864076,target,y,1.867714,0,0
2022-06-30,MDcalibtest,0,1,1.864076,target,z,0.0332499,0,0
2022-06-30,MDcalibtest,0,1,1.864076,head,x,-3.195247,0,0
2022-06-30,MDcalibtest,0,1,1.864076,head,y,0.9540418,0,0
2022-06-30,MDcalibtest,0,1,1.864076,head,z,2.900946,0,0
2022-06-30,MDcalibtest,0,1,1.864076,gazeOrigin,x,-0.0008001865,0,0
2022-06-30,MDcalibtest,0,1,1.864076,gazeOrigin,y,-0.00104883,0,0
2022-06-30,MDcalibtest,0,1,1.864076,gazeOrigin,z,-0.001122344,0,0
2022-06-30,MDcalibtest,0,1,1.864076,gazeDirection,x,-0.8001864,0,0
2022-06-30,MDcalibtest,0,1,1.864076,gazeDirection,y,-1.04883,0,0
2022-06-30,MDcalibtest,0,1,1.864076,gazeDirection,z,-1.122344,0,0
2022-06-30,MDcalibtest,0,1,1.875485,target,x,-1,0,0
2022-06-30,MDcalibtest,0,1,1.875485,target,y,1.868005,0,0
2022-06-30,MDcalibtest,0,1,1.875485,target,z,0.03398395,0,0
2022-06-30,MDcalibtest,0,1,1.875485,head,x,-3.19518,0,0
2022-06-30,MDcalibtest,0,1,1.875485,head,y,0.953985,0,0
2022-06-30,MDcalibtest,0,1,1.875485,head,z,2.90105,0,0
2022-06-30,MDcalibtest,0,1,1.875485,gazeOrigin,x,-0.0008000547,0,0
2022-06-30,MDcalibtest,0,1,1.875485,gazeOrigin,y,-0.001049057,0,0
2022-06-30,MDcalibtest,0,1,1.875485,gazeOrigin,z,-0.001122227,0,0
2022-06-30,MDcalibtest,0,1,1.875485,gazeDirection,x,-0.8000547,0,0
2022-06-30,MDcalibtest,0,1,1.875485,gazeDirection,y,-1.049057,0,0
2022-06-30,MDcalibtest,0,1,1.875485,gazeDirection,z,-1.122227,0,0
2022-06-30,MDcalibtest,0,1,1.887349,target,x,-1,0,0
2022-06-30,MDcalibtest,0,1,1.887349,target,y,1.868272,0,0
2022-06-30,MDcalibtest,0,1,1.887349,target,z,0.03465533,0,0
2022-06-30,MDcalibtest,0,1,1.887349,head,x,-3.195281,0,0
2022-06-30,MDcalibtest,0,1,1.887349,head,y,0.9539249,0,0
2022-06-30,MDcalibtest,0,1,1.887349,head,z,2.901213,0,0
2022-06-30,MDcalibtest,0,1,1.887349,gazeOrigin,x,-0.0008002336,0,0
2022-06-30,MDcalibtest,0,1,1.887349,gazeOrigin,y,-0.001048926,0,0
2022-06-30,MDcalibtest,0,1,1.887349,gazeOrigin,z,-0.001122221,0,0
2022-06-30,MDcalibtest,0,1,1.887349,gazeDirection,x,-0.8002336,0,0
2022-06-30,MDcalibtest,0,1,1.887349,gazeDirection,y,-1.048926,0,0
2022-06-30,MDcalibtest,0,1,1.887349,gazeDirection,z,-1.122221,0,0
2022-06-30,MDcalibtest,0,1,1.898201,target,x,-1,0,0
2022-06-30,MDcalibtest,0,1,1.898201,target,y,1.868546,0,0
2022-06-30,MDcalibtest,0,1,1.898201,target,z,0.03534827,0,0
2022-06-30,MDcalibtest,0,1,1.898201,head,x,-3.195123,0,0
2022-06-30,MDcalibtest,0,1,1.898201,head,y,0.954065,0,0
2022-06-30,MDcalibtest,0,1,1.898201,head,z,2.900988,0,0
2022-06-30,MDcalibtest,0,1,1.898201,gazeOrigin,x,-0.0008000727,0,0
2022-06-30,MDcalibtest,0,1,1.898201,gazeOrigin,y,-0.001048635,0,0
2022-06-30,MDcalibtest,0,1,1.898201,gazeOrigin,z,-0.001122608,0,0
2022-06-30,MDcalibtest,0,1,1.898201,gazeDirection,x,-0.8000726,0,0
2022-06-30,MDcalibtest,0,1,1.898201,gazeDirection,y,-1.048635,0,0
2022-06-30,MDcalibtest,0,1,1.898201,gazeDirection,z,-1.122608,0,0
2022-06-30,MDcalibtest,0,1,1.909401,target,x,-1,0,0
2022-06-30,MDcalibtest,0,1,1.909401,target,y,1.868824,0,0
2022-06-30,MDcalibtest,0,1,1.909401,target,z,0.03604808,0,0
2022-06-30,MDcalibtest,0,1,1.909401,head,x,-3.195223,0,0
2022-06-30,MDcalibtest,0,1,1.909401,head,y,0.9541528,0,0
2022-06-30,MDcalibtest,0,1,1.909401,head,z,2.900848,0,0
2022-06-30,MDcalibtest,0,1,1.909401,gazeOrigin,x,-0.0007999172,0,0
2022-06-30,MDcalibtest,0,1,1.909401,gazeOrigin,y,-0.001048923,0,0
2022-06-30,MDcalibtest,0,1,1.909401,gazeOrigin,z,-0.00112245,0,0
2022-06-30,MDcalibtest,0,1,1.909401,gazeDirection,x,-0.7999172,0,0
2022-06-30,MDcalibtest,0,1,1.909401,gazeDirection,y,-1.048923,0,0
2022-06-30,MDcalibtest,0,1,1.909401,gazeDirection,z,-1.12245,0,0
2022-06-30,MDcalibtest,0,1,1.920712,target,x,-1,0,0
2022-06-30,MDcalibtest,0,1,1.920712,target,y,1.869084,0,0
2022-06-30,MDcalibtest,0,1,1.920712,target,z,0.03670263,0,0
2022-06-30,MDcalibtest,0,1,1.920712,head,x,-3.195302,0,0
2022-06-30,MDcalibtest,0,1,1.920712,head,y,0.9540664,0,0
2022-06-30,MDcalibtest,0,1,1.920712,head,z,2.900993,0,0
2022-06-30,MDcalibtest,0,1,1.920712,gazeOrigin,x,-0.0007996302,0,0
2022-06-30,MDcalibtest,0,1,1.920712,gazeOrigin,y,-0.001049274,0,0
2022-06-30,MDcalibtest,0,1,1.920712,gazeOrigin,z,-0.001122326,0,0
2022-06-30,MDcalibtest,0,1,1.920712,gazeDirection,x,-0.7996301,0,0
2022-06-30,MDcalibtest,0,1,1.920712,gazeDirection,y,-1.049274,0,0
2022-06-30,MDcalibtest,0,1,1.920712,gazeDirection,z,-1.122326,0,0
2022-06-30,MDcalibtest,0,1,1.931292,target,x,-1,0,0
2022-06-30,MDcalibtest,0,1,1.931292,target,y,1.869374,0,0
2022-06-30,MDcalibtest,0,1,1.931292,target,z,0.0374352,0,0
2022-06-30,MDcalibtest,0,1,1.931292,head,x,-3.1952,0,0
2022-06-30,MDcalibtest,0,1,1.931292,head,y,0.9539986,0,0
2022-06-30,MDcalibtest,0,1,1.931292,head,z,2.90119,0,0
2022-06-30,MDcalibtest,0,1,1.931292,gazeOrigin,x,-0.0007999,0,0
2022-06-30,MDcalibtest,0,1,1.931292,gazeOrigin,y,-0.0010489,0,0
2022-06-30,MDcalibtest,0,1,1.931292,gazeOrigin,z,-0.001122483,0,0
2022-06-30,MDcalibtest,0,1,1.931292,gazeDirection,x,-0.7999,0,0
2022-06-30,MDcalibtest,0,1,1.931292,gazeDirection,y,-1.0489,0,0
2022-06-30,MDcalibtest,0,1,1.931292,gazeDirection,z,-1.122483,0,0
2022-06-30,MDcalibtest,0,1,1.943133,target,x,-1,0,0
2022-06-30,MDcalibtest,0,1,1.943133,target,y,1.86969,0,0
2022-06-30,MDcalibtest,0,1,1.943133,target,z,0.03822961,0,0
2022-06-30,MDcalibtest,0,1,1.943133,head,x,-3.195148,0,0
2022-06-30,MDcalibtest,0,1,1.943133,head,y,0.9539797,0,0
2022-06-30,MDcalibtest,0,1,1.943133,head,z,2.901212,0,0
2022-06-30,MDcalibtest,0,1,1.943133,gazeOrigin,x,-0.0007998345,0,0
2022-06-30,MDcalibtest,0,1,1.943133,gazeOrigin,y,-0.001049232,0,0
2022-06-30,MDcalibtest,0,1,1.943133,gazeOrigin,z,-0.00112222,0,0
2022-06-30,MDcalibtest,0,1,1.943133,gazeDirection,x,-0.7998345,0,0
2022-06-30,MDcalibtest,0,1,1.943133,gazeDirection,y,-1.049232,0,0
2022-06-30,MDcalibtest,0,1,1.943133,gazeDirection,z,-1.12222,0,0
2022-06-30,MDcalibtest,0,1,1.955973,target,x,-1,0,0
2022-06-30,MDcalibtest,0,1,1.955973,target,y,1.870041,0,0
2022-06-30,MDcalibtest,0,1,1.955973,target,z,0.03911653,0,0
2022-06-30,MDcalibtest,0,1,1.955973,head,x,-3.195189,0,0
2022-06-30,MDcalibtest,0,1,1.955973,head,y,0.9540039,0,0
2022-06-30,MDcalibtest,0,1,1.955973,head,z,2.90118,0,0
2022-06-30,MDcalibtest,0,1,1.955973,gazeOrigin,x,-0.0007999493,0,0
2022-06-30,MDcalibtest,0,1,1.955973,gazeOrigin,y,-0.001048985,0,0
2022-06-30,MDcalibtest,0,1,1.955973,gazeOrigin,z,-0.001122369,0,0
2022-06-30,MDcalibtest,0,1,1.955973,gazeDirection,x,-0.7999492,0,0
2022-06-30,MDcalibtest,0,1,1.955973,gazeDirection,y,-1.048985,0,0
2022-06-30,MDcalibtest,0,1,1.955973,gazeDirection,z,-1.122369,0,0
2022-06-30,MDcalibtest,0,1,1.970308,target,x,-1,0,0
2022-06-30,MDcalibtest,0,1,1.970308,target,y,1.870364,0,0
2022-06-30,MDcalibtest,0,1,1.970308,target,z,0.03992863,0,0
2022-06-30,MDcalibtest,0,1,1.970308,head,x,-3.195236,0,0
2022-06-30,MDcalibtest,0,1,1.970308,head,y,0.9539342,0,0
2022-06-30,MDcalibtest,0,1,1.970308,head,z,2.901211,0,0
2022-06-30,MDcalibtest,0,1,1.970308,gazeOrigin,x,-0.0007998144,0,0
2022-06-30,MDcalibtest,0,1,1.970308,gazeOrigin,y,-0.001049088,0,0
2022-06-30,MDcalibtest,0,1,1.970308,gazeOrigin,z,-0.001122368,0,0
2022-06-30,MDcalibtest,0,1,1.970308,gazeDirection,x,-0.7998143,0,0
2022-06-30,MDcalibtest,0,1,1.970308,gazeDirection,y,-1.049088,0,0
2022-06-30,MDcalibtest,0,1,1.970308,gazeDirection,z,-1.122368,0,0
2022-06-30,MDcalibtest,0,1,1.983434,target,x,-1,0,0
2022-06-30,MDcalibtest,0,1,1.983434,target,y,1.870706,0,0
2022-06-30,MDcalibtest,0,1,1.983434,target,z,0.04079237,0,0
2022-06-30,MDcalibtest,0,1,1.983434,head,x,-3.195093,0,0
2022-06-30,MDcalibtest,0,1,1.983434,head,y,0.9540006,0,0
2022-06-30,MDcalibtest,0,1,1.983434,head,z,2.901107,0,0
2022-06-30,MDcalibtest,0,1,1.983434,gazeOrigin,x,-0.0007996592,0,0
2022-06-30,MDcalibtest,0,1,1.983434,gazeOrigin,y,-0.001049039,0,0
2022-06-30,MDcalibtest,0,1,1.983434,gazeOrigin,z,-0.001122525,0,0
2022-06-30,MDcalibtest,0,1,1.983434,gazeDirection,x,-0.7996592,0,0
2022-06-30,MDcalibtest,0,1,1.983434,gazeDirection,y,-1.049039,0,0
2022-06-30,MDcalibtest,0,1,1.983434,gazeDirection,z,-1.122525,0,0
2022-06-30,MDcalibtest,0,1,1.997395,target,x,-1,0,0
2022-06-30,MDcalibtest,0,1,1.997395,target,y,1.870953,0,0
2022-06-30,MDcalibtest,0,1,1.997395,target,z,0.04141493,0,0
2022-06-30,MDcalibtest,0,1,1.997395,head,x,-3.194944,0,0
2022-06-30,MDcalibtest,0,1,1.997395,head,y,0.9539114,0,0
2022-06-30,MDcalibtest,0,1,1.997395,head,z,2.901303,0,0
2022-06-30,MDcalibtest,0,1,1.997395,gazeOrigin,x,-0.0007996107,0,0
2022-06-30,MDcalibtest,0,1,1.997395,gazeOrigin,y,-0.001049124,0,0
2022-06-30,MDcalibtest,0,1,1.997395,gazeOrigin,z,-0.001122481,0,0
2022-06-30,MDcalibtest,0,1,1.997395,gazeDirection,x,-0.7996107,0,0
2022-06-30,MDcalibtest,0,1,1.997395,gazeDirection,y,-1.049124,0,0
2022-06-30,MDcalibtest,0,1,1.997395,gazeDirection,z,-1.122481,0,0
2022-06-30,MDcalibtest,0,1,2.007457,target,x,-1,0,0
2022-06-30,MDcalibtest,0,1,2.007457,target,y,1.871206,0,0
2022-06-30,MDcalibtest,0,1,2.007457,target,z,0.04205203,0,0
2022-06-30,MDcalibtest,0,1,2.007457,head,x,-3.194903,0,0
2022-06-30,MDcalibtest,0,1,2.007457,head,y,0.9538713,0,0
2022-06-30,MDcalibtest,0,1,2.007457,head,z,2.901396,0,0
2022-06-30,MDcalibtest,0,1,2.007457,gazeOrigin,x,-0.0007997066,0,0
2022-06-30,MDcalibtest,0,1,2.007457,gazeOrigin,y,-0.001049181,0,0
2022-06-30,MDcalibtest,0,1,2.007457,gazeOrigin,z,-0.001122359,0,0
2022-06-30,MDcalibtest,0,1,2.007457,gazeDirection,x,-0.7997066,0,0
2022-06-30,MDcalibtest,0,1,2.007457,gazeDirection,y,-1.049181,0,0
2022-06-30,MDcalibtest,0,1,2.007457,gazeDirection,z,-1.122359,0,0
2022-06-30,MDcalibtest,0,1,2.017755,target,x,-1,0,0
2022-06-30,MDcalibtest,0,1,2.017755,target,y,1.87149,0,0
2022-06-30,MDcalibtest,0,1,2.017755,target,z,0.04276886,0,0
2022-06-30,MDcalibtest,0,1,2.017755,head,x,-3.194988,0,0
2022-06-30,MDcalibtest,0,1,2.017755,head,y,0.953793,0,0
2022-06-30,MDcalibtest,0,1,2.017755,head,z,2.901556,0,0
2022-06-30,MDcalibtest,0,1,2.017755,gazeOrigin,x,-0.0007995738,0,0
2022-06-30,MDcalibtest,0,1,2.017755,gazeOrigin,y,-0.001049134,0,0
2022-06-30,MDcalibtest,0,1,2.017755,gazeOrigin,z,-0.001122497,0,0
2022-06-30,MDcalibtest,0,1,2.017755,gazeDirection,x,-0.7995738,0,0
2022-06-30,MDcalibtest,0,1,2.017755,gazeDirection,y,-1.049134,0,0
2022-06-30,MDcalibtest,0,1,2.017755,gazeDirection,z,-1.122497,0,0
2022-06-30,MDcalibtest,0,1,2.029341,target,x,-1,0,0
2022-06-30,MDcalibtest,0,1,2.029341,target,y,1.871835,0,0
2022-06-30,MDcalibtest,0,1,2.029341,target,z,0.04363837,0,0
2022-06-30,MDcalibtest,0,1,2.029341,head,x,-3.195045,0,0
2022-06-30,MDcalibtest,0,1,2.029341,head,y,0.9539237,0,0
2022-06-30,MDcalibtest,0,1,2.029341,head,z,2.901466,0,0
2022-06-30,MDcalibtest,0,1,2.029341,gazeOrigin,x,-0.000799918,0,0
2022-06-30,MDcalibtest,0,1,2.029341,gazeOrigin,y,-0.001049045,0,0
2022-06-30,MDcalibtest,0,1,2.029341,gazeOrigin,z,-0.001122335,0,0
2022-06-30,MDcalibtest,0,1,2.029341,gazeDirection,x,-0.799918,0,0
2022-06-30,MDcalibtest,0,1,2.029341,gazeDirection,y,-1.049045,0,0
2022-06-30,MDcalibtest,0,1,2.029341,gazeDirection,z,-1.122335,0,0
2022-06-30,MDcalibtest,0,1,2.043396,target,x,-1,0,0
2022-06-30,MDcalibtest,0,1,2.043396,target,y,1.87217,0,0
2022-06-30,MDcalibtest,0,1,2.043396,target,z,0.04448257,0,0
2022-06-30,MDcalibtest,0,1,2.043396,head,x,-3.194891,0,0
2022-06-30,MDcalibtest,0,1,2.043396,head,y,0.9539859,0,0
2022-06-30,MDcalibtest,0,1,2.043396,head,z,2.901261,0,0
2022-06-30,MDcalibtest,0,1,2.043396,gazeOrigin,x,-0.0007995929,0,0
2022-06-30,MDcalibtest,0,1,2.043396,gazeOrigin,y,-0.001049131,0,0
2022-06-30,MDcalibtest,0,1,2.043396,gazeOrigin,z,-0.001122486,0,0
2022-06-30,MDcalibtest,0,1,2.043396,gazeDirection,x,-0.7995929,0,0
2022-06-30,MDcalibtest,0,1,2.043396,gazeDirection,y,-1.049131,0,0
2022-06-30,MDcalibtest,0,1,2.043396,gazeDirection,z,-1.122486,0,0
2022-06-30,MDcalibtest,0,1,2.05704,target,x,-1,0,0
2022-06-30,MDcalibtest,0,1,2.05704,target,y,1.872467,0,0
2022-06-30,MDcalibtest,0,1,2.05704,target,z,0.04523039,0,0
2022-06-30,MDcalibtest,0,1,2.05704,head,x,-3.194998,0,0
2022-06-30,MDcalibtest,0,1,2.05704,head,y,0.9540383,0,0
2022-06-30,MDcalibtest,0,1,2.05704,head,z,2.901112,0,0
2022-06-30,MDcalibtest,0,1,2.05704,gazeOrigin,x,-0.0007995601,0,0
2022-06-30,MDcalibtest,0,1,2.05704,gazeOrigin,y,-0.001049151,0,0
2022-06-30,MDcalibtest,0,1,2.05704,gazeOrigin,z,-0.001122491,0,0
2022-06-30,MDcalibtest,0,1,2.05704,gazeDirection,x,-0.7995601,0,0
2022-06-30,MDcalibtest,0,1,2.05704,gazeDirection,y,-1.049151,0,0
2022-06-30,MDcalibtest,0,1,2.05704,gazeDirection,z,-1.122491,0,0
2022-06-30,MDcalibtest,0,1,2.069127,target,x,-1,0,0
2022-06-30,MDcalibtest,0,1,2.069127,target,y,1.87281,0,0
2022-06-30,MDcalibtest,0,1,2.069127,target,z,0.04609451,0,0
2022-06-30,MDcalibtest,0,1,2.069127,head,x,-3.195041,0,0
2022-06-30,MDcalibtest,0,1,2.069127,head,y,0.9540311,0,0
2022-06-30,MDcalibtest,0,1,2.069127,head,z,2.901145,0,0
2022-06-30,MDcalibtest,0,1,2.069127,gazeOrigin,x,-0.000799449,0,0
2022-06-30,MDcalibtest,0,1,2.069127,gazeOrigin,y,-0.001049382,0,0
2022-06-30,MDcalibtest,0,1,2.069127,gazeOrigin,z,-0.001122354,0,0
2022-06-30,MDcalibtest,0,1,2.069127,gazeDirection,x,-0.799449,0,0
2022-06-30,MDcalibtest,0,1,2.069127,gazeDirection,y,-1.049382,0,0
2022-06-30,MDcalibtest,0,1,2.069127,gazeDirection,z,-1.122354,0,0
2022-06-30,MDcalibtest,0,1,2.083094,target,x,-1,0,0
2022-06-30,MDcalibtest,0,1,2.083094,target,y,1.873322,0,0
2022-06-30,MDcalibtest,0,1,2.083094,target,z,0.04738474,0,0
2022-06-30,MDcalibtest,0,1,2.083094,head,x,-3.195051,0,0
2022-06-30,MDcalibtest,0,1,2.083094,head,y,0.9540747,0,0
2022-06-30,MDcalibtest,0,1,2.083094,head,z,2.901075,0,0
2022-06-30,MDcalibtest,0,1,2.083094,gazeOrigin,x,-0.0007995358,0,0
2022-06-30,MDcalibtest,0,1,2.083094,gazeOrigin,y,-0.001049209,0,0
2022-06-30,MDcalibtest,0,1,2.083094,gazeOrigin,z,-0.001122455,0,0
2022-06-30,MDcalibtest,0,1,2.083094,gazeDirection,x,-0.7995358,0,0
2022-06-30,MDcalibtest,0,1,2.083094,gazeDirection,y,-1.049209,0,0
2022-06-30,MDcalibtest,0,1,2.083094,gazeDirection,z,-1.122455,0,0
2022-06-30,MDcalibtest,0,1,2.103949,target,x,-1,0,0
2022-06-30,MDcalibtest,0,1,2.103949,target,y,1.873714,0,0
2022-06-30,MDcalibtest,0,1,2.103949,target,z,0.04837384,0,0
2022-06-30,MDcalibtest,0,1,2.103949,head,x,-3.195175,0,0
2022-06-30,MDcalibtest,0,1,2.103949,head,y,0.9540071,0,0
2022-06-30,MDcalibtest,0,1,2.103949,head,z,2.90117,0,0
2022-06-30,MDcalibtest,0,1,2.103949,gazeOrigin,x,-0.0007997587,0,0
2022-06-30,MDcalibtest,0,1,2.103949,gazeOrigin,y,-0.001049186,0,0
2022-06-30,MDcalibtest,0,1,2.103949,gazeOrigin,z,-0.001122317,0,0
2022-06-30,MDcalibtest,0,1,2.103949,gazeDirection,x,-0.7997586,0,0
2022-06-30,MDcalibtest,0,1,2.103949,gazeDirection,y,-1.049186,0,0
2022-06-30,MDcalibtest,0,1,2.103949,gazeDirection,z,-1.122317,0,0
2022-06-30,MDcalibtest,0,1,2.119936,target,x,-1,0,0
2022-06-30,MDcalibtest,0,1,2.119936,target,y,1.874066,0,0
2022-06-30,MDcalibtest,0,1,2.119936,target,z,0.04926047,0,0
2022-06-30,MDcalibtest,0,1,2.119936,head,x,-3.195016,0,0
2022-06-30,MDcalibtest,0,1,2.119936,head,y,0.9539695,0,0
2022-06-30,MDcalibtest,0,1,2.119936,head,z,2.901193,0,0
2022-06-30,MDcalibtest,0,1,2.119936,gazeOrigin,x,-0.0007991338,0,0
2022-06-30,MDcalibtest,0,1,2.119936,gazeOrigin,y,-0.001049508,0,0
2022-06-30,MDcalibtest,0,1,2.119936,gazeOrigin,z,-0.001122462,0,0
2022-06-30,MDcalibtest,0,1,2.119936,gazeDirection,x,-0.7991338,0,0
2022-06-30,MDcalibtest,0,1,2.119936,gazeDirection,y,-1.049507,0,0
2022-06-30,MDcalibtest,0,1,2.119936,gazeDirection,z,-1.122461,0,0
2022-06-30,MDcalibtest,0,1,2.134266,target,x,-1,0,0
2022-06-30,MDcalibtest,0,1,2.134266,target,y,1.874384,0,0
2022-06-30,MDcalibtest,0,1,2.134266,target,z,0.05006323,0,0
2022-06-30,MDcalibtest,0,1,2.134266,head,x,-3.195018,0,0
2022-06-30,MDcalibtest,0,1,2.134266,head,y,0.9539745,0,0
2022-06-30,MDcalibtest,0,1,2.134266,head,z,2.90121,0,0
2022-06-30,MDcalibtest,0,1,2.134266,gazeOrigin,x,-0.0007995978,0,0
2022-06-30,MDcalibtest,0,1,2.134266,gazeOrigin,y,-0.00104941,0,0
2022-06-30,MDcalibtest,0,1,2.134266,gazeOrigin,z,-0.001122222,0,0
2022-06-30,MDcalibtest,0,1,2.134266,gazeDirection,x,-0.7995977,0,0
2022-06-30,MDcalibtest,0,1,2.134266,gazeDirection,y,-1.04941,0,0
2022-06-30,MDcalibtest,0,1,2.134266,gazeDirection,z,-1.122222,0,0
2022-06-30,MDcalibtest,0,1,2.147242,target,x,-1,0,0
2022-06-30,MDcalibtest,0,1,2.147242,target,y,1.874614,0,0
2022-06-30,MDcalibtest,0,1,2.147242,target,z,0.05064149,0,0
2022-06-30,MDcalibtest,0,1,2.147242,head,x,-3.194985,0,0
2022-06-30,MDcalibtest,0,1,2.147242,head,y,0.953938,0,0
2022-06-30,MDcalibtest,0,1,2.147242,head,z,2.901215,0,0
2022-06-30,MDcalibtest,0,1,2.147242,gazeOrigin,x,-0.0007993153,0,0
2022-06-30,MDcalibtest,0,1,2.147242,gazeOrigin,y,-0.001049359,0,0
2022-06-30,MDcalibtest,0,1,2.147242,gazeOrigin,z,-0.001122471,0,0
2022-06-30,MDcalibtest,0,1,2.147242,gazeDirection,x,-0.7993153,0,0
2022-06-30,MDcalibtest,0,1,2.147242,gazeDirection,y,-1.049359,0,0
2022-06-30,MDcalibtest,0,1,2.147242,gazeDirection,z,-1.122471,0,0
2022-06-30,MDcalibtest,0,1,2.156589,target,x,-1,0,0
2022-06-30,MDcalibtest,0,1,2.156589,target,y,1.874614,0,0
2022-06-30,MDcalibtest,0,1,2.156589,target,z,0.05064149,0,0
2022-06-30,MDcalibtest,0,1,2.156589,head,x,-3.195092,0,0
2022-06-30,MDcalibtest,0,1,2.156589,head,y,0.9540254,0,0
2022-06-30,MDcalibtest,0,1,2.156589,head,z,2.901063,0,0
2022-06-30,MDcalibtest,0,1,2.156589,gazeOrigin,x,-0.0007994153,0,0
2022-06-30,MDcalibtest,0,1,2.156589,gazeOrigin,y,-0.001049303,0,0
2022-06-30,MDcalibtest,0,1,2.156589,gazeOrigin,z,-0.001122452,0,0
2022-06-30,MDcalibtest,0,1,2.156589,gazeDirection,x,-0.7994153,0,0
2022-06-30,MDcalibtest,0,1,2.156589,gazeDirection,y,-1.049303,0,0
2022-06-30,MDcalibtest,0,1,2.156589,gazeDirection,z,-1.122452,0,0
2022-06-30,MDcalibtest,0,1,2.165829,target,x,-1,0,0
2022-06-30,MDcalibtest,0,1,2.165829,target,y,1.874865,0,0
2022-06-30,MDcalibtest,0,1,2.165829,target,z,0.05008273,0,0
2022-06-30,MDcalibtest,0,1,2.165829,head,x,-3.195172,0,0
2022-06-30,MDcalibtest,0,1,2.165829,head,y,0.9539337,0,0
2022-06-30,MDcalibtest,0,1,2.165829,head,z,2.901132,0,0
2022-06-30,MDcalibtest,0,1,2.165829,gazeOrigin,x,-0.0007994124,0,0
2022-06-30,MDcalibtest,0,1,2.165829,gazeOrigin,y,-0.001049302,0,0
2022-06-30,MDcalibtest,0,1,2.165829,gazeOrigin,z,-0.001122455,0,0
2022-06-30,MDcalibtest,0,1,2.165829,gazeDirection,x,-0.7994124,0,0
2022-06-30,MDcalibtest,0,1,2.165829,gazeDirection,y,-1.049302,0,0
2022-06-30,MDcalibtest,0,1,2.165829,gazeDirection,z,-1.122455,0,0
2022-06-30,MDcalibtest,0,1,2.174788,target,x,-1,0,0
2022-06-30,MDcalibtest,0,1,2.174788,target,y,1.875125,0,0
2022-06-30,MDcalibtest,0,1,2.174788,target,z,0.04950342,0,0
2022-06-30,MDcalibtest,0,1,2.174788,head,x,-3.195099,0,0
2022-06-30,MDcalibtest,0,1,2.174788,head,y,0.9538157,0,0
2022-06-30,MDcalibtest,0,1,2.174788,head,z,2.901286,0,0
2022-06-30,MDcalibtest,0,1,2.174788,gazeOrigin,x,-0.0007991492,0,0
2022-06-30,MDcalibtest,0,1,2.174788,gazeOrigin,y,-0.001049314,0,0
2022-06-30,MDcalibtest,0,1,2.174788,gazeOrigin,z,-0.001122632,0,0
2022-06-30,MDcalibtest,0,1,2.174788,gazeDirection,x,-0.7991492,0,0
2022-06-30,MDcalibtest,0,1,2.174788,gazeDirection,y,-1.049314,0,0
2022-06-30,MDcalibtest,0,1,2.174788,gazeDirection,z,-1.122632,0,0
2022-06-30,MDcalibtest,0,1,2.184076,target,x,-1,0,0
2022-06-30,MDcalibtest,0,1,2.184076,target,y,1.875395,0,0
2022-06-30,MDcalibtest,0,1,2.184076,target,z,0.0489018,0,0
2022-06-30,MDcalibtest,0,1,2.184076,head,x,-3.195046,0,0
2022-06-30,MDcalibtest,0,1,2.184076,head,y,0.953863,0,0
2022-06-30,MDcalibtest,0,1,2.184076,head,z,2.901292,0,0
2022-06-30,MDcalibtest,0,1,2.184076,gazeOrigin,x,-0.0007989544,0,0
2022-06-30,MDcalibtest,0,1,2.184076,gazeOrigin,y,-0.001049525,0,0
2022-06-30,MDcalibtest,0,1,2.184076,gazeOrigin,z,-0.001122573,0,0
2022-06-30,MDcalibtest,0,1,2.184076,gazeDirection,x,-0.7989544,0,0
2022-06-30,MDcalibtest,0,1,2.184076,gazeDirection,y,-1.049524,0,0
2022-06-30,MDcalibtest,0,1,2.184076,gazeDirection,z,-1.122573,0,0
2022-06-30,MDcalibtest,0,1,2.193722,target,x,-1,0,0
2022-06-30,MDcalibtest,0,1,2.193722,target,y,1.875682,0,0
2022-06-30,MDcalibtest,0,1,2.193722,target,z,0.04826164,0,0
2022-06-30,MDcalibtest,0,1,2.193722,head,x,-3.195093,0,0
2022-06-30,MDcalibtest,0,1,2.193722,head,y,0.9539113,0,0
2022-06-30,MDcalibtest,0,1,2.193722,head,z,2.901268,0,0
2022-06-30,MDcalibtest,0,1,2.193722,gazeOrigin,x,-0.0007993965,0,0
2022-06-30,MDcalibtest,0,1,2.193722,gazeOrigin,y,-0.001049212,0,0
2022-06-30,MDcalibtest,0,1,2.193722,gazeOrigin,z,-0.00112255,0,0
2022-06-30,MDcalibtest,0,1,2.193722,gazeDirection,x,-0.7993964,0,0
2022-06-30,MDcalibtest,0,1,2.193722,gazeDirection,y,-1.049212,0,0
2022-06-30,MDcalibtest,0,1,2.193722,gazeDirection,z,-1.12255,0,0
2022-06-30,MDcalibtest,0,1,2.203985,target,x,-1,0,0
2022-06-30,MDcalibtest,0,1,2.203985,target,y,1.875979,0,0
2022-06-30,MDcalibtest,0,1,2.203985,target,z,0.04760189,0,0
2022-06-30,MDcalibtest,0,1,2.203985,head,x,-3.195075,0,0
2022-06-30,MDcalibtest,0,1,2.203985,head,y,0.9539605,0,0
2022-06-30,MDcalibtest,0,1,2.203985,head,z,2.901319,0,0
2022-06-30,MDcalibtest,0,1,2.203985,gazeOrigin,x,-0.0007991919,0,0
2022-06-30,MDcalibtest,0,1,2.203985,gazeOrigin,y,-0.001049319,0,0
2022-06-30,MDcalibtest,0,1,2.203985,gazeOrigin,z,-0.001122596,0,0
2022-06-30,MDcalibtest,0,1,2.203985,gazeDirection,x,-0.7991919,0,0
2022-06-30,MDcalibtest,0,1,2.203985,gazeDirection,y,-1.049319,0,0
2022-06-30,MDcalibtest,0,1,2.203985,gazeDirection,z,-1.122596,0,0
2022-06-30,MDcalibtest,0,1,2.214564,target,x,-1,0,0
2022-06-30,MDcalibtest,0,1,2.214564,target,y,1.876292,0,0
2022-06-30,MDcalibtest,0,1,2.214564,target,z,0.04690361,0,0
2022-06-30,MDcalibtest,0,1,2.214564,head,x,-3.194972,0,0
2022-06-30,MDcalibtest,0,1,2.214564,head,y,0.9539762,0,0
2022-06-30,MDcalibtest,0,1,2.214564,head,z,2.901207,0,0
2022-06-30,MDcalibtest,0,1,2.214564,gazeOrigin,x,-0.0007990309,0,0
2022-06-30,MDcalibtest,0,1,2.214564,gazeOrigin,y,-0.001049351,0,0
2022-06-30,MDcalibtest,0,1,2.214564,gazeOrigin,z,-0.001122681,0,0
2022-06-30,MDcalibtest,0,1,2.214564,gazeDirection,x,-0.7990308,0,0
2022-06-30,MDcalibtest,0,1,2.214564,gazeDirection,y,-1.049351,0,0
2022-06-30,MDcalibtest,0,1,2.214564,gazeDirection,z,-1.122681,0,0
2022-06-30,MDcalibtest,0,1,2.22576,target,x,-1,0,0
2022-06-30,MDcalibtest,0,1,2.22576,target,y,1.876612,0,0
2022-06-30,MDcalibtest,0,1,2.22576,target,z,0.04619203,0,0
2022-06-30,MDcalibtest,0,1,2.22576,head,x,-3.194859,0,0
2022-06-30,MDcalibtest,0,1,2.22576,head,y,0.9538887,0,0
2022-06-30,MDcalibtest,0,1,2.22576,head,z,2.901376,0,0
2022-06-30,MDcalibtest,0,1,2.22576,gazeOrigin,x,-0.000799138,0,0
2022-06-30,MDcalibtest,0,1,2.22576,gazeOrigin,y,-0.001049348,0,0
2022-06-30,MDcalibtest,0,1,2.22576,gazeOrigin,z,-0.001122608,0,0
2022-06-30,MDcalibtest,0,1,2.22576,gazeDirection,x,-0.7991379,0,0
2022-06-30,MDcalibtest,0,1,2.22576,gazeDirection,y,-1.049348,0,0
2022-06-30,MDcalibtest,0,1,2.22576,gazeDirection,z,-1.122608,0,0
2022-06-30,MDcalibtest,0,1,2.237169,target,x,-1,0,0
2022-06-30,MDcalibtest,0,1,2.237169,target,y,1.876914,0,0
2022-06-30,MDcalibtest,0,1,2.237169,target,z,0.04551969,0,0
2022-06-30,MDcalibtest,0,1,2.237169,head,x,-3.194972,0,0
2022-06-30,MDcalibtest,0,1,2.237169,head,y,0.9537978,0,0
2022-06-30,MDcalibtest,0,1,2.237169,head,z,2.90155,0,0
2022-06-30,MDcalibtest,0,1,2.237169,gazeOrigin,x,-0.0007991435,0,0
2022-06-30,MDcalibtest,0,1,2.237169,gazeOrigin,y,-0.001049319,0,0
2022-06-30,MDcalibtest,0,1,2.237169,gazeOrigin,z,-0.001122631,0,0
2022-06-30,MDcalibtest,0,1,2.237169,gazeDirection,x,-0.7991435,0,0
2022-06-30,MDcalibtest,0,1,2.237169,gazeDirection,y,-1.049319,0,0
2022-06-30,MDcalibtest,0,1,2.237169,gazeDirection,z,-1.122631,0,0
2022-06-30,MDcalibtest,0,1,2.247948,target,x,-1,0,0
2022-06-30,MDcalibtest,0,1,2.247948,target,y,1.877223,0,0
2022-06-30,MDcalibtest,0,1,2.247948,target,z,0.04483199,0,0
2022-06-30,MDcalibtest,0,1,2.247948,head,x,-3.195036,0,0
2022-06-30,MDcalibtest,0,1,2.247948,head,y,0.9538625,0,0
2022-06-30,MDcalibtest,0,1,2.247948,head,z,2.901446,0,0
2022-06-30,MDcalibtest,0,1,2.247948,gazeOrigin,x,-0.000799139,0,0
2022-06-30,MDcalibtest,0,1,2.247948,gazeOrigin,y,-0.001049213,0,0
2022-06-30,MDcalibtest,0,1,2.247948,gazeOrigin,z,-0.001122733,0,0
2022-06-30,MDcalibtest,0,1,2.247948,gazeDirection,x,-0.799139,0,0
2022-06-30,MDcalibtest,0,1,2.247948,gazeDirection,y,-1.049213,0,0
2022-06-30,MDcalibtest,0,1,2.247948,gazeDirection,z,-1.122733,0,0
2022-06-30,MDcalibtest,0,1,2.258975,target,x,-1,0,0
2022-06-30,MDcalibtest,0,1,2.258975,target,y,1.87753,0,0
2022-06-30,MDcalibtest,0,1,2.258975,target,z,0.04414783,0,0
2022-06-30,MDcalibtest,0,1,2.258975,head,x,-3.195126,0,0
2022-06-30,MDcalibtest,0,1,2.258975,head,y,0.9537648,0,0
2022-06-30,MDcalibtest,0,1,2.258975,head,z,2.901545,0,0
2022-06-30,MDcalibtest,0,1,2.258975,gazeOrigin,x,-0.0007994593,0,0
2022-06-30,MDcalibtest,0,1,2.258975,gazeOrigin,y,-0.001049301,0,0
2022-06-30,MDcalibtest,0,1,2.258975,gazeOrigin,z,-0.001122422,0,0
2022-06-30,MDcalibtest,0,1,2.258975,gazeDirection,x,-0.7994593,0,0
2022-06-30,MDcalibtest,0,1,2.258975,gazeDirection,y,-1.049302,0,0
2022-06-30,MDcalibtest,0,1,2.258975,gazeDirection,z,-1.122422,0,0
2022-06-30,MDcalibtest,0,1,2.269943,target,x,-1,0,0
2022-06-30,MDcalibtest,0,1,2.269943,target,y,1.877855,0,0
2022-06-30,MDcalibtest,0,1,2.269943,target,z,0.04342461,0,0
2022-06-30,MDcalibtest,0,1,2.269943,head,x,-3.195167,0,0
2022-06-30,MDcalibtest,0,1,2.269943,head,y,0.9537857,0,0
2022-06-30,MDcalibtest,0,1,2.269943,head,z,2.901508,0,0
2022-06-30,MDcalibtest,0,1,2.269943,gazeOrigin,x,-0.0007995131,0,0
2022-06-30,MDcalibtest,0,1,2.269943,gazeOrigin,y,-0.001049333,0,0
2022-06-30,MDcalibtest,0,1,2.269943,gazeOrigin,z,-0.001122355,0,0
2022-06-30,MDcalibtest,0,1,2.269943,gazeDirection,x,-0.799513,0,0
2022-06-30,MDcalibtest,0,1,2.269943,gazeDirection,y,-1.049332,0,0
2022-06-30,MDcalibtest,0,1,2.269943,gazeDirection,z,-1.122355,0,0
2022-06-30,MDcalibtest,0,1,2.281539,target,x,-1,0,0
2022-06-30,MDcalibtest,0,1,2.281539,target,y,1.878162,0,0
2022-06-30,MDcalibtest,0,1,2.281539,target,z,0.0427402,0,0
2022-06-30,MDcalibtest,0,1,2.281539,head,x,-3.19497,0,0
2022-06-30,MDcalibtest,0,1,2.281539,head,y,0.9538583,0,0
2022-06-30,MDcalibtest,0,1,2.281539,head,z,2.901393,0,0
2022-06-30,MDcalibtest,0,1,2.281539,gazeOrigin,x,-0.0007993425,0,0
2022-06-30,MDcalibtest,0,1,2.281539,gazeOrigin,y,-0.001049513,0,0
2022-06-30,MDcalibtest,0,1,2.281539,gazeOrigin,z,-0.001122308,0,0
2022-06-30,MDcalibtest,0,1,2.281539,gazeDirection,x,-0.7993425,0,0
2022-06-30,MDcalibtest,0,1,2.281539,gazeDirection,y,-1.049513,0,0
2022-06-30,MDcalibtest,0,1,2.281539,gazeDirection,z,-1.122308,0,0
2022-06-30,MDcalibtest,0,1,2.292512,target,x,-1,0,0
2022-06-30,MDcalibtest,0,1,2.292512,target,y,1.878476,0,0
2022-06-30,MDcalibtest,0,1,2.292512,target,z,0.04204254,0,0
2022-06-30,MDcalibtest,0,1,2.292512,head,x,-3.194963,0,0
2022-06-30,MDcalibtest,0,1,2.292512,head,y,0.9538547,0,0
2022-06-30,MDcalibtest,0,1,2.292512,head,z,2.901366,0,0
2022-06-30,MDcalibtest,0,1,2.292512,gazeOrigin,x,-0.0007989441,0,0
2022-06-30,MDcalibtest,0,1,2.292512,gazeOrigin,y,-0.001049672,0,0
2022-06-30,MDcalibtest,0,1,2.292512,gazeOrigin,z,-0.001122442,0,0
2022-06-30,MDcalibtest,0,1,2.292512,gazeDirection,x,-0.7989441,0,0
2022-06-30,MDcalibtest,0,1,2.292512,gazeDirection,y,-1.049672,0,0
2022-06-30,MDcalibtest,0,1,2.292512,gazeDirection,z,-1.122442,0,0
2022-06-30,MDcalibtest,0,1,2.303698,target,x,-1,0,0
2022-06-30,MDcalibtest,0,1,2.303698,target,y,1.878788,0,0
2022-06-30,MDcalibtest,0,1,2.303698,target,z,0.04134712,0,0
2022-06-30,MDcalibtest,0,1,2.303698,head,x,-3.195078,0,0
2022-06-30,MDcalibtest,0,1,2.303698,head,y,0.9539524,0,0
2022-06-30,MDcalibtest,0,1,2.303698,head,z,2.901196,0,0
2022-06-30,MDcalibtest,0,1,2.303698,gazeOrigin,x,-0.0007991556,0,0
2022-06-30,MDcalibtest,0,1,2.303698,gazeOrigin,y,-0.001049306,0,0
2022-06-30,MDcalibtest,0,1,2.303698,gazeOrigin,z,-0.001122634,0,0
2022-06-30,MDcalibtest,0,1,2.303698,gazeDirection,x,-0.7991555,0,0
2022-06-30,MDcalibtest,0,1,2.303698,gazeDirection,y,-1.049306,0,0
2022-06-30,MDcalibtest,0,1,2.303698,gazeDirection,z,-1.122634,0,0
2022-06-30,MDcalibtest,0,1,2.314848,target,x,-1,0,0
2022-06-30,MDcalibtest,0,1,2.314848,target,y,1.879103,0,0
2022-06-30,MDcalibtest,0,1,2.314848,target,z,0.04064546,0,0
2022-06-30,MDcalibtest,0,1,2.314848,head,x,-3.195138,0,0
2022-06-30,MDcalibtest,0,1,2.314848,head,y,0.9538846,0,0
2022-06-30,MDcalibtest,0,1,2.314848,head,z,2.901258,0,0
2022-06-30,MDcalibtest,0,1,2.314848,gazeOrigin,x,-0.0007992602,0,0
2022-06-30,MDcalibtest,0,1,2.314848,gazeOrigin,y,-0.001049446,0,0
2022-06-30,MDcalibtest,0,1,2.314848,gazeOrigin,z,-0.001122429,0,0
2022-06-30,MDcalibtest,0,1,2.314848,gazeDirection,x,-0.7992601,0,0
2022-06-30,MDcalibtest,0,1,2.314848,gazeDirection,y,-1.049446,0,0
2022-06-30,MDcalibtest,0,1,2.314848,gazeDirection,z,-1.122429,0,0
2022-06-30,MDcalibtest,0,1,2.326097,target,x,-1,0,0
2022-06-30,MDcalibtest,0,1,2.326097,target,y,1.87943,0,0
2022-06-30,MDcalibtest,0,1,2.326097,target,z,0.03991728,0,0
2022-06-30,MDcalibtest,0,1,2.326097,head,x,-3.195122,0,0
2022-06-30,MDcalibtest,0,1,2.326097,head,y,0.9539526,0,0
2022-06-30,MDcalibtest,0,1,2.326097,head,z,2.901278,0,0
2022-06-30,MDcalibtest,0,1,2.326097,gazeOrigin,x,-0.0007993365,0,0
2022-06-30,MDcalibtest,0,1,2.326097,gazeOrigin,y,-0.001049337,0,0
2022-06-30,MDcalibtest,0,1,2.326097,gazeOrigin,z,-0.001122477,0,0
2022-06-30,MDcalibtest,0,1,2.326097,gazeDirection,x,-0.7993365,0,0
2022-06-30,MDcalibtest,0,1,2.326097,gazeDirection,y,-1.049337,0,0
2022-06-30,MDcalibtest,0,1,2.326097,gazeDirection,z,-1.122477,0,0
2022-06-30,MDcalibtest,0,1,2.337773,target,x,-1,0,0
2022-06-30,MDcalibtest,0,1,2.337773,target,y,1.879726,0,0
2022-06-30,MDcalibtest,0,1,2.337773,target,z,0.03925829,0,0
2022-06-30,MDcalibtest,0,1,2.337773,head,x,-3.194964,0,0
2022-06-30,MDcalibtest,0,1,2.337773,head,y,0.9540542,0,0
2022-06-30,MDcalibtest,0,1,2.337773,head,z,2.901048,0,0
2022-06-30,MDcalibtest,0,1,2.337773,gazeOrigin,x,-0.0007990779,0,0
2022-06-30,MDcalibtest,0,1,2.337773,gazeOrigin,y,-0.001049633,0,0
2022-06-30,MDcalibtest,0,1,2.337773,gazeOrigin,z,-0.001122384,0,0
2022-06-30,MDcalibtest,0,1,2.337773,gazeDirection,x,-0.7990778,0,0
2022-06-30,MDcalibtest,0,1,2.337773,gazeDirection,y,-1.049633,0,0
2022-06-30,MDcalibtest,0,1,2.337773,gazeDirection,z,-1.122384,0,0
2022-06-30,MDcalibtest,0,1,2.348338,target,x,-1,0,0
2022-06-30,MDcalibtest,0,1,2.348338,target,y,1.880042,0,0
2022-06-30,MDcalibtest,0,1,2.348338,target,z,0.03855453,0,0
2022-06-30,MDcalibtest,0,1,2.348338,head,x,-3.194931,0,0
2022-06-30,MDcalibtest,0,1,2.348338,head,y,0.9539876,0,0
2022-06-30,MDcalibtest,0,1,2.348338,head,z,2.901094,0,0
2022-06-30,MDcalibtest,0,1,2.348338,gazeOrigin,x,-0.0007990714,0,0
2022-06-30,MDcalibtest,0,1,2.348338,gazeOrigin,y,-0.001049598,0,0
2022-06-30,MDcalibtest,0,1,2.348338,gazeOrigin,z,-0.001122422,0,0
2022-06-30,MDcalibtest,0,1,2.348338,gazeDirection,x,-0.7990713,0,0
2022-06-30,MDcalibtest,0,1,2.348338,gazeDirection,y,-1.049598,0,0
2022-06-30,MDcalibtest,0,1,2.348338,gazeDirection,z,-1.122422,0,0
2022-06-30,MDcalibtest,0,1,2.359622,target,x,-1,0,0
2022-06-30,MDcalibtest,0,1,2.359622,target,y,1.880351,0,0
2022-06-30,MDcalibtest,0,1,2.359622,target,z,0.03786821,0,0
2022-06-30,MDcalibtest,0,1,2.359622,head,x,-3.195083,0,0
2022-06-30,MDcalibtest,0,1,2.359622,head,y,0.9540318,0,0
2022-06-30,MDcalibtest,0,1,2.359622,head,z,2.900941,0,0
2022-06-30,MDcalibtest,0,1,2.359622,gazeOrigin,x,-0.0007992723,0,0
2022-06-30,MDcalibtest,0,1,2.359622,gazeOrigin,y,-0.00104936,0,0
2022-06-30,MDcalibtest,0,1,2.359622,gazeOrigin,z,-0.001122501,0,0
2022-06-30,MDcalibtest,0,1,2.359622,gazeDirection,x,-0.7992722,0,0
2022-06-30,MDcalibtest,0,1,2.359622,gazeDirection,y,-1.04936,0,0
2022-06-30,MDcalibtest,0,1,2.359622,gazeDirection,z,-1.122501,0,0
2022-06-30,MDcalibtest,0,1,2.370626,target,x,-1,0,0
2022-06-30,MDcalibtest,0,1,2.370626,target,y,1.880656,0,0
2022-06-30,MDcalibtest,0,1,2.370626,target,z,0.03718934,0,0
2022-06-30,MDcalibtest,0,1,2.370626,head,x,-3.195186,0,0
2022-06-30,MDcalibtest,0,1,2.370626,head,y,0.953969,0,0
2022-06-30,MDcalibtest,0,1,2.370626,head,z,2.901149,0,0
2022-06-30,MDcalibtest,0,1,2.370626,gazeOrigin,x,-0.000799806,0,0
2022-06-30,MDcalibtest,0,1,2.370626,gazeOrigin,y,-0.001049328,0,0
2022-06-30,MDcalibtest,0,1,2.370626,gazeOrigin,z,-0.001122151,0,0
2022-06-30,MDcalibtest,0,1,2.370626,gazeDirection,x,-0.799806,0,0
2022-06-30,MDcalibtest,0,1,2.370626,gazeDirection,y,-1.049327,0,0
2022-06-30,MDcalibtest,0,1,2.370626,gazeDirection,z,-1.122151,0,0
2022-06-30,MDcalibtest,0,1,2.38151,target,x,-1,0,0
2022-06-30,MDcalibtest,0,1,2.38151,target,y,1.880962,0,0
2022-06-30,MDcalibtest,0,1,2.38151,target,z,0.03650613,0,0
2022-06-30,MDcalibtest,0,1,2.38151,head,x,-3.195155,0,0
2022-06-30,MDcalibtest,0,1,2.38151,head,y,0.9539698,0,0
2022-06-30,MDcalibtest,0,1,2.38151,head,z,2.901167,0,0
2022-06-30,MDcalibtest,0,1,2.38151,gazeOrigin,x,-0.0007992643,0,0
2022-06-30,MDcalibtest,0,1,2.38151,gazeOrigin,y,-0.001049498,0,0
2022-06-30,MDcalibtest,0,1,2.38151,gazeOrigin,z,-0.001122377,0,0
2022-06-30,MDcalibtest,0,1,2.38151,gazeDirection,x,-0.7992643,0,0
2022-06-30,MDcalibtest,0,1,2.38151,gazeDirection,y,-1.049498,0,0
2022-06-30,MDcalibtest,0,1,2.38151,gazeDirection,z,-1.122377,0,0
2022-06-30,MDcalibtest,0,1,2.392464,target,x,-1,0,0
2022-06-30,MDcalibtest,0,1,2.392464,target,y,1.88129,0,0
2022-06-30,MDcalibtest,0,1,2.392464,target,z,0.03577628,0,0
2022-06-30,MDcalibtest,0,1,2.392464,head,x,-3.195122,0,0
2022-06-30,MDcalibtest,0,1,2.392464,head,y,0.953949,0,0
2022-06-30,MDcalibtest,0,1,2.392464,head,z,2.901109,0,0
2022-06-30,MDcalibtest,0,1,2.392464,gazeOrigin,x,-0.0007992249,0,0
2022-06-30,MDcalibtest,0,1,2.392464,gazeOrigin,y,-0.001049473,0,0
2022-06-30,MDcalibtest,0,1,2.392464,gazeOrigin,z,-0.001122429,0,0
2022-06-30,MDcalibtest,0,1,2.392464,gazeDirection,x,-0.7992249,0,0
2022-06-30,MDcalibtest,0,1,2.392464,gazeDirection,y,-1.049473,0,0
2022-06-30,MDcalibtest,0,1,2.392464,gazeDirection,z,-1.122429,0,0
2022-06-30,MDcalibtest,0,1,2.404166,target,x,-1,0,0
2022-06-30,MDcalibtest,0,1,2.404166,target,y,1.88129,0,0
2022-06-30,MDcalibtest,0,1,2.404166,target,z,0.03577628,0,0
2022-06-30,MDcalibtest,0,1,2.404166,head,x,-3.195058,0,0
2022-06-30,MDcalibtest,0,1,2.404166,head,y,0.9538267,0,0
2022-06-30,MDcalibtest,0,1,2.404166,head,z,2.901274,0,0
2022-06-30,MDcalibtest,0,1,2.404166,gazeOrigin,x,-0.0007995707,0,0
2022-06-30,MDcalibtest,0,1,2.404166,gazeOrigin,y,-0.001049413,0,0
2022-06-30,MDcalibtest,0,1,2.404166,gazeOrigin,z,-0.001122238,0,0
2022-06-30,MDcalibtest,0,1,2.404166,gazeDirection,x,-0.7995706,0,0
2022-06-30,MDcalibtest,0,1,2.404166,gazeDirection,y,-1.049413,0,0
2022-06-30,MDcalibtest,0,1,2.404166,gazeDirection,z,-1.122238,0,0
2022-06-30,MDcalibtest,0,1,2.414618,target,x,-1,0,0
2022-06-30,MDcalibtest,0,1,2.414618,target,y,1.881532,0,0
2022-06-30,MDcalibtest,0,1,2.414618,target,z,0.03597355,0,0
2022-06-30,MDcalibtest,0,1,2.414618,head,x,-3.195048,0,0
2022-06-30,MDcalibtest,0,1,2.414618,head,y,0.953796,0,0
2022-06-30,MDcalibtest,0,1,2.414618,head,z,2.901299,0,0
2022-06-30,MDcalibtest,0,1,2.414618,gazeOrigin,x,-0.000799365,0,0
2022-06-30,MDcalibtest,0,1,2.414618,gazeOrigin,y,-0.001049466,0,0
2022-06-30,MDcalibtest,0,1,2.414618,gazeOrigin,z,-0.001122336,0,0
2022-06-30,MDcalibtest,0,1,2.414618,gazeDirection,x,-0.799365,0,0
2022-06-30,MDcalibtest,0,1,2.414618,gazeDirection,y,-1.049466,0,0
2022-06-30,MDcalibtest,0,1,2.414618,gazeDirection,z,-1.122336,0,0
2022-06-30,MDcalibtest,0,1,2.425871,target,x,-1,0,0
2022-06-30,MDcalibtest,0,1,2.425871,target,y,1.881833,0,0
2022-06-30,MDcalibtest,0,1,2.425871,target,z,0.03621879,0,0
2022-06-30,MDcalibtest,0,1,2.425871,head,x,-3.195058,0,0
2022-06-30,MDcalibtest,0,1,2.425871,head,y,0.9538145,0,0
2022-06-30,MDcalibtest,0,1,2.425871,head,z,2.901251,0,0
2022-06-30,MDcalibtest,0,1,2.425871,gazeOrigin,x,-0.0007992286,0,0
2022-06-30,MDcalibtest,0,1,2.425871,gazeOrigin,y,-0.001049505,0,0
2022-06-30,MDcalibtest,0,1,2.425871,gazeOrigin,z,-0.001122396,0,0
2022-06-30,MDcalibtest,0,1,2.425871,gazeDirection,x,-0.7992286,0,0
2022-06-30,MDcalibtest,0,1,2.425871,gazeDirection,y,-1.049505,0,0
2022-06-30,MDcalibtest,0,1,2.425871,gazeDirection,z,-1.122396,0,0
